Timestamp,Local time,Active Focus,Focus,Active Engagement,Engagement,Active Excitement,Excitement,Active Interest,Interest,Active Relaxation,Relaxation,Active Stress,Stress
1749146657.4458,11:04:17.445,false,-1,true,0.312448,true,0.428477,true,0.500037,true,0.566859,true,0.530003
1749146657.9458,11:04:17.945,false,-1,true,0.312512,true,0.428467,true,0.500034,true,0.566804,true,0.530224
1749146658.4457,11:04:18.445,false,-1,false,-1,false,-1,false,-1,false,-1,false,-1
1749146658.9451,11:04:18.945,false,-1,true,0.288442,true,0.440028,true,0.496907,true,0.599223,true,0.550862
1749146659.4453,11:04:19.445,false,-1,true,0.276961,true,0.440015,true,0.495196,true,0.615528,true,0.550759
1749146659.9454,11:04:19.945,false,-1,true,0.27705,true,0.426971,true,0.49438,true,0.61544,true,0.533684
1749146660.445,11:04:20.445,false,-1,false,-1,false,-1,false,-1,false,-1,false,-1
1749146660.9448,11:04:20.944,false,-1,false,-1,false,-1,false,-1,false,-1,false,-1
1749146661.4447,11:04:21.444,false,-1,true,0.260208,true,0.412244,true,0.490811,true,0.596854,true,0.523389
1749146661.9441,11:04:21.944,false,-1,true,0.26031,true,0.390424,true,0.488002,true,0.596779,true,0.523318
1749146662.4442,11:04:22.444,false,-1,false,-1,false,-1,false,-1,false,-1,false,-1
1749146662.9442,11:04:22.944,false,-1,false,-1,false,-1,false,-1,false,-1,false,-1
1749146663.4438,11:04:23.443,false,-1,true,0.243455,true,0.366941,true,0.484293,true,0.591738,true,0.523248
1749146663.9437,11:04:23.943,false,-1,true,0.236588,true,0.341425,true,0.48206,true,0.566624,true,0.505444
1749146664.4437,11:04:24.443,false,-1,true,0.236712,true,0.325041,true,0.481302,true,0.561943,true,0.493824
1749146664.9432,11:04:24.943,false,-1,false,-1,false,-1,false,-1,false,-1,false,-1
1749146665.4428,11:04:25.442,false,-1,false,-1,false,-1,false,-1,false,-1,false,-1
1749146665.9434,11:04:25.943,false,-1,true,0.226715,true,0.3063,true,0.484005,true,0.555986,true,0.48793
1749146666.4431,11:04:26.443,false,-1,true,0.245048,true,0.288016,true,0.483767,true,0.54603,true,0.487889
1749146666.9427,11:04:26.942,false,-1,true,0.245164,true,0.275309,true,0.480735,true,0.545985,true,0.488687
1749146667.4431,11:04:27.443,false,-1,true,0.306046,true,0.275331,true,0.478566,true,0.58983,true,0.53513
1749146667.9428,11:04:27.942,false,-1,false,-1,false,-1,false,-1,false,-1,false,-1
1749146668.4424,11:04:28.442,false,-1,true,0.306113,true,0.277365,true,0.478324,true,0.593817,true,0.546366
1749146668.9427,11:04:28.942,false,-1,true,0.27137,true,0.282464,true,0.478075,true,0.593744,true,0.54627
1749146669.4423,11:04:29.442,false,-1,true,0.265209,true,0.29033,true,0.477292,true,0.565067,true,0.531762
1749146669.9423,11:04:29.942,false,-1,true,0.265307,true,0.301884,true,0.476816,true,0.565012,true,0.531683
1749146670.4424,11:04:30.442,false,-1,true,0.302109,true,0.315706,true,0.478588,true,0.586599,true,0.531605
1749146670.9417,11:04:30.941,false,-1,true,0.353285,true,0.338422,true,0.481506,true,0.586532,true,0.524338
1749146671.4416,11:04:31.441,false,-1,true,0.353327,true,0.371981,true,0.482774,true,0.58337,true,0.503867
1749146671.9418,11:04:31.941,false,-1,true,0.340938,true,0.4185,true,0.48159,true,0.563994,true,0.487979
1749146672.4414,11:04:32.441,false,-1,true,0.314656,true,0.475462,true,0.480767,true,0.556245,true,0.469187
1749146672.9409,11:04:32.940,false,-1,false,-1,false,-1,false,-1,false,-1,false,-1
1749146673.4409,11:04:33.440,false,-1,false,-1,false,-1,false,-1,false,-1,false,-1
1749146673.9406,11:04:33.940,false,-1,false,-1,false,-1,false,-1,false,-1,false,-1
1749146674.4402,11:04:34.440,false,-1,false,-1,false,-1,false,-1,false,-1,false,-1
1749146674.9404,11:04:34.940,false,-1,true,0.295919,true,0.536496,true,0.472754,true,0.548238,true,0.457349
1749146675.4403,11:04:35.440,false,-1,true,0.295993,true,0.592125,true,0.466893,true,0.518498,true,0.444515
1749146675.9397,11:04:35.939,false,-1,true,0.300488,true,0.629229,true,0.463203,true,0.518466,true,0.444497
1749146676.4397,11:04:36.439,false,-1,true,0.313467,true,0.6543,true,0.462778,true,0.533121,true,0.456985
1749146676.9402,11:04:36.940,false,-1,true,0.338814,true,0.668349,true,0.465062,true,0.558722,true,0.471122
1749146677.4396,11:04:37.439,false,-1,true,0.339724,true,0.668222,true,0.46901,true,0.599843,true,0.49635
1749146677.9397,11:04:37.939,false,-1,true,0.341369,true,0.668095,true,0.474593,true,0.621679,true,0.514884
1749146678.4395,11:04:38.439,false,-1,true,0.341416,true,0.679894,true,0.480924,true,0.628306,true,0.521913
1749146678.939,11:04:38.939,false,-1,true,0.305142,true,0.688691,true,0.487282,true,0.628209,true,0.521845
1749146679.4389,11:04:39.438,false,-1,false,-1,false,-1,false,-1,false,-1,false,-1
1749146679.939,11:04:39.939,false,-1,true,0.257365,true,0.694719,true,0.488537,true,0.602459,true,0.496954
1749146680.4387,11:04:40.438,false,-1,false,-1,false,-1,false,-1,false,-1,false,-1
1749146680.9385,11:04:40.938,false,-1,true,0.257468,true,0.698848,true,0.485697,true,0.560975,true,0.441047
1749146681.4389,11:04:41.438,false,-1,true,0.285279,true,0.699165,true,0.485717,true,0.560923,true,0.441031
1749146681.9385,11:04:41.938,false,-1,true,0.28536,true,0.699168,true,0.489184,true,0.577055,true,0.453185
1749146682.4381,11:04:42.438,false,-1,true,0.254176,true,0.699014,true,0.491244,true,0.584885,true,0.461591
1749146682.9386,11:04:42.938,false,-1,true,0.197207,true,0.701137,true,0.492033,true,0.585071,true,0.499433
1749146683.438,11:04:43.438,false,-1,true,0.181258,true,0.703076,true,0.492018,true,0.585005,true,0.499385
1749146683.9376,11:04:43.937,false,-1,true,0.181444,true,0.704379,true,0.4905,true,0.555987,true,0.490064
1749146684.4379,11:04:44.437,false,-1,true,0.245642,true,0.705241,true,0.486752,true,0.555938,true,0.490023
1749146684.9373,11:04:44.937,false,-1,true,0.245756,true,0.705794,true,0.484206,true,0.570125,true,0.487952
1749146685.437,11:04:45.437,false,-1,false,-1,false,-1,false,-1,false,-1,false,-1
1749146685.9375,11:04:45.937,false,-1,true,0.238497,true,0.706132,true,0.486005,true,0.570068,true,0.488045
1749146686.4369,11:04:46.436,false,-1,true,0.238618,true,0.70632,true,0.485871,true,0.570012,true,0.488005
1749146686.9361,11:04:46.936,false,-1,true,0.255937,true,0.706403,true,0.485094,true,0.59168,true,0.492159
1749146687.4366,11:04:47.436,false,-1,false,-1,false,-1,false,-1,false,-1,false,-1
1749146687.9364,11:04:47.936,false,-1,false,-1,false,-1,false,-1,false,-1,false,-1
1749146688.4358,11:04:48.435,false,-1,true,0.278866,true,0.706413,true,0.485568,true,0.605263,true,0.492117
1749146688.936,11:04:48.936,false,-1,true,0.267458,true,0.706252,true,0.486847,true,0.61533,true,0.487024
1749146689.4359,11:04:49.435,false,-1,true,0.267552,true,0.704591,true,0.494442,true,0.615243,true,0.474342
1749146689.9356,11:04:49.935,false,-1,false,-1,false,-1,false,-1,false,-1,false,-1
1749146690.4356,11:04:50.435,false,-1,true,0.258352,true,0.700887,true,0.500836,true,0.58971,true,0.464487
1749146690.9355,11:04:50.935,false,-1,true,0.250452,true,0.692213,true,0.499756,true,0.587571,true,0.461197
1749146691.4353,11:04:51.435,false,-1,true,0.250561,true,0.6801,true,0.498003,true,0.587504,true,0.461172
1749146691.9353,11:04:51.935,false,-1,true,0.218738,true,0.661336,true,0.495045,true,0.571218,true,0.477668
1749146692.4352,11:04:52.435,false,-1,true,0.179187,true,0.640786,true,0.490893,true,0.551088,true,0.478488
1749146692.9346,11:04:52.934,false,-1,true,0.179375,true,0.625163,true,0.486304,true,0.551042,true,0.482038
1749146693.4349,11:04:53.434,false,-1,true,0.245562,true,0.623125,true,0.481474,true,0.589529,true,0.49532
1749146693.9349,11:04:53.934,false,-1,true,0.290104,true,0.623034,true,0.480172,true,0.612993,true,0.501398
1749146694.4343,11:04:54.434,false,-1,true,0.309048,true,0.639075,true,0.480105,true,0.612908,true,0.501349
1749146694.934,11:04:54.934,false,-1,true,0.309112,true,0.659601,true,0.479248,true,0.595587,true,0.47129
1749146695.4338,11:04:55.433,false,-1,true,0.272609,true,0.673577,true,0.477816,true,0.592079,true,0.463819
1749146695.9335,11:04:55.933,false,-1,true,0.239954,true,0.683131,true,0.47662,true,0.570813,true,0.444049
1749146696.4333,11:04:56.433,false,-1,true,0.240072,true,0.68968,true,0.475585,true,0.555323,true,0.431786
1749146696.9333,11:04:56.933,false,-1,true,0.241149,true,0.694171,true,0.474634,true,0.550127,true,0.426283
1749146697.4332,11:04:57.433,false,-1,true,0.241267,true,0.697244,true,0.474095,true,0.52962,true,0.414728
1749146697.9328,11:04:57.932,false,-1,true,0.226492,true,0.699337,true,0.474107,true,0.504218,true,0.413276
1749146698.4329,11:04:58.432,false,-1,true,0.217033,true,0.700749,true,0.474261,true,0.489406,true,0.413268
1749146698.9323,11:04:58.932,false,-1,true,0.217175,true,0.703424,true,0.472777,true,0.487097,true,0.425153
1749146699.4321,11:04:59.432,false,-1,true,0.228811,true,0.70524,true,0.470405,true,0.479433,true,0.432547
1749146699.9326,11:04:59.932,false,-1,false,-1,false,-1,false,-1,false,-1,false,-1
1749146700.4322,11:05:00.432,false,-1,false,-1,false,-1,false,-1,false,-1,false,-1
1749146700.932,11:05:00.932,false,-1,false,-1,false,-1,false,-1,false,-1,false,-1
1749146701.4321,11:05:01.432,false,-1,true,0.229495,true,0.706457,true,0.465076,true,0.454509,true,0.433702
1749146701.9315,11:05:01.931,false,-1,true,0.240764,true,0.707259,true,0.459381,true,0.45338,true,0.43252
1749146702.4312,11:05:02.431,false,-1,true,0.282718,true,0.707725,true,0.455032,true,0.453369,true,0.435949
1749146702.9312,11:05:02.931,false,-1,true,0.326684,true,0.707564,true,0.455743,true,0.511259,true,0.446479
1749146703.431,11:05:03.431,false,-1,true,0.326738,true,0.694954,true,0.459805,true,0.552733,true,0.467909
1749146703.9307,11:05:03.930,false,-1,true,0.299413,true,0.69218,true,0.465261,true,0.572588,true,0.47257
1749146704.4309,11:05:04.430,false,-1,true,0.275485,true,0.671286,true,0.470334,true,0.57253,true,0.47254
1749146704.9306,11:05:04.930,false,-1,true,0.275572,true,0.640314,true,0.473149,true,0.544122,true,0.465097
1749146705.4302,11:05:05.430,false,-1,true,0.304476,true,0.607481,true,0.472575,true,0.544079,true,0.46507
1749146705.9302,11:05:05.930,false,-1,true,0.313251,true,0.572596,true,0.471652,true,0.548149,true,0.473355
1749146706.4302,11:05:06.430,false,-1,true,0.313312,true,0.532237,true,0.472537,true,0.548104,true,0.473325
1749146706.9294,11:05:06.929,false,-1,true,0.313373,true,0.497918,true,0.473871,true,0.553876,true,0.468343
1749146707.4295,11:05:07.429,false,-1,true,0.326948,true,0.497889,true,0.474248,true,0.569557,true,0.468316
1749146707.9299,11:05:07.929,false,-1,true,0.327002,true,0.523859,true,0.475148,true,0.579165,true,0.486183
1749146708.4297,11:05:08.429,false,-1,true,0.327055,true,0.541158,true,0.477093,true,0.594972,true,0.486145
1749146708.9296,11:05:08.929,false,-1,true,0.333506,true,0.551704,true,0.478485,true,0.594901,true,0.480435
1749146709.4296,11:05:09.429,false,-1,true,0.333556,true,0.580423,true,0.478849,true,0.59483,true,0.477867
1749146709.929,11:05:09.929,false,-1,true,0.333605,true,0.582524,true,0.479576,true,0.607309,true,0.477834
1749146710.4287,11:05:10.428,false,-1,true,0.328371,true,0.590925,true,0.480624,true,0.599164,true,0.476259
1749146710.9291,11:05:10.929,false,-1,true,0.339911,true,0.590855,true,0.481456,true,0.59909,true,0.464037
1749146711.4286,11:05:11.428,false,-1,true,0.354536,true,0.590784,true,0.481658,true,0.588629,true,0.463103
1749146711.9284,11:05:11.928,false,-1,true,0.354576,true,0.601893,true,0.48134,true,0.584863,true,0.463078
1749146712.4288,11:05:12.428,false,-1,true,0.344476,true,0.624848,true,0.480497,true,0.560906,true,0.450997
1749146712.9283,11:05:12.928,false,-1,true,0.335521,true,0.628268,true,0.478518,true,0.560855,true,0.450978
1749146713.4281,11:05:13.428,false,-1,true,0.321584,true,0.645567,true,0.476424,true,0.564866,true,0.463069
1749146713.9284,11:05:13.928,false,-1,true,0.317961,true,0.645914,true,0.476047,true,0.586294,true,0.469862
1749146714.428,11:05:14.428,false,-1,true,0.321698,true,0.645355,true,0.476616,true,0.586229,true,0.469834
1749146714.9276,11:05:14.927,false,-1,true,0.342158,true,0.644784,true,0.477086,true,0.58124,true,0.463063
1749146715.4277,11:05:15.427,false,-1,true,0.35116,true,0.644679,true,0.477098,true,0.581178,true,0.463038
1749146715.9271,11:05:15.927,false,-1,true,0.362425,true,0.647089,true,0.477844,true,0.586858,true,0.47719
1749146716.4274,11:05:16.427,false,-1,true,0.362461,true,0.658014,true,0.478837,true,0.621701,true,0.504688
1749146716.9276,11:05:16.927,false,-1,true,0.371443,true,0.661713,true,0.479663,true,0.624046,true,0.504637
1749146717.4266,11:05:17.426,false,-1,true,0.37718,true,0.661594,true,0.480334,true,0.629898,true,0.47433
1749146717.9261,11:05:17.926,false,-1,true,0.380353,true,0.659513,true,0.482054,true,0.629802,true,0.460579
1749146718.4263,11:05:18.426,false,-1,true,0.394355,true,0.654176,true,0.484847,true,0.629705,true,0.442736
1749146718.9261,11:05:18.926,false,-1,true,0.397152,true,0.64615,true,0.5013,true,0.636955,true,0.442719
1749146719.4256,11:05:19.425,false,-1,true,0.454536,true,0.634116,true,0.556093,true,0.645524,true,0.448683
1749146719.9258,11:05:19.925,false,-1,true,0.527644,true,0.614381,true,0.627952,true,0.661122,true,0.461543
1749146720.4259,11:05:20.425,false,-1,true,0.527639,true,0.592412,true,0.678526,true,0.670463,true,0.489478
1749146720.9255,11:05:20.925,false,-1,true,0.504938,true,0.570148,true,0.685666,true,0.670329,true,0.528216
1749146721.4257,11:05:21.425,false,-1,true,0.464932,true,0.547099,true,0.651053,true,0.656485,true,0.528143
1749146721.9256,11:05:21.925,false,-1,true,0.458887,true,0.529187,true,0.603363,true,0.629212,true,0.526504
1749146722.4254,11:05:22.425,false,-1,true,0.445816,true,0.517676,true,0.566916,true,0.613323,true,0.518164
1749146722.9253,11:05:22.925,false,-1,true,0.440711,true,0.508243,true,0.541377,true,0.610323,true,0.512045
1749146723.4251,11:05:23.425,false,-1,true,0.434862,true,0.49417,true,0.524303,true,0.613158,true,0.505664
1749146723.9243,11:05:23.924,false,-1,true,0.433185,true,0.479697,true,0.512711,true,0.610158,true,0.504689
1749146724.4244,11:05:24.424,false,-1,true,0.433199,true,0.469383,true,0.504007,true,0.598412,true,0.499134
1749146724.9246,11:05:24.924,false,-1,true,0.441721,true,0.457212,true,0.497142,true,0.59834,true,0.494538
1749146725.4242,11:05:25.424,false,-1,true,0.453413,true,0.444902,true,0.493585,true,0.610533,true,0.494494
1749146725.9243,11:05:25.924,false,-1,true,0.469714,true,0.436854,true,0.492093,true,0.61197,true,0.494451
1749146726.4241,11:05:26.424,false,-1,true,0.476996,true,0.425787,true,0.491015,true,0.611888,true,0.48698
1749146726.9238,11:05:26.923,false,-1,true,0.484809,true,0.413056,true,0.490969,true,0.599611,true,0.486942
1749146727.4236,11:05:27.423,false,-1,true,0.489815,true,0.398152,true,0.491082,true,0.599537,true,0.491549
1749146727.9238,11:05:27.923,false,-1,true,0.489817,true,0.381916,true,0.490437,true,0.599464,true,0.491507
1749146728.4236,11:05:28.423,false,-1,true,0.489819,true,0.367415,true,0.489424,true,0.612671,true,0.491663
1749146728.923,11:05:28.923,false,-1,true,0.509757,true,0.355179,true,0.489258,true,0.613439,true,0.507788
1749146729.4235,11:05:29.423,false,-1,true,0.509755,true,0.342698,true,0.488732,true,0.613356,true,0.507735
1749146729.9231,11:05:29.923,false,-1,true,0.492649,true,0.329667,true,0.487069,true,0.587198,true,0.506288
1749146730.4228,11:05:30.422,false,-1,true,0.492341,true,0.315091,true,0.485588,true,0.577744,true,0.504582
1749146730.9235,11:05:30.923,false,-1,true,0.480707,true,0.301273,true,0.484473,true,0.56865,true,0.506185
1749146731.4229,11:05:31.422,false,-1,true,0.48071,true,0.287141,true,0.482976,true,0.568596,true,0.518345
1749146731.9222,11:05:31.922,false,-1,true,0.503247,true,0.27656,true,0.481722,true,0.585258,true,0.52047
1749146732.4224,11:05:32.422,false,-1,true,0.516412,true,0.265104,true,0.480946,true,0.585195,true,0.520406
1749146732.9218,11:05:32.921,false,-1,true,0.516409,true,0.25552,true,0.479788,true,0.585131,true,0.499939
1749146733.4209,11:05:33.420,false,-1,true,0.497954,true,0.251621,true,0.478421,true,0.570735,true,0.483346
1749146733.9215,11:05:33.921,false,-1,true,0.487528,true,0.245992,true,0.478539,true,0.568383,true,0.458558
1749146734.4213,11:05:34.421,false,-1,true,0.47442,true,0.240136,true,0.478837,true,0.536477,true,0.445304
1749146734.9208,11:05:34.920,false,-1,true,0.474425,true,0.234778,true,0.478128,true,0.521438,true,0.442211
1749146735.421,11:05:35.421,false,-1,true,0.489175,true,0.227995,true,0.478115,true,0.521394,true,0.442195
1749146735.9209,11:05:35.920,false,-1,true,0.492869,true,0.224426,true,0.478235,true,0.497287,true,0.447851
1749146736.4205,11:05:36.420,false,-1,true,0.506057,true,0.220672,true,0.478014,true,0.497263,true,0.462647
1749146736.9205,11:05:36.920,false,-1,true,0.509679,true,0.220711,true,0.477714,true,0.542035,true,0.481559
1749146737.4202,11:05:37.420,false,-1,true,0.509677,true,0.222285,true,0.478415,true,0.541994,true,0.481524
1749146737.9196,11:05:37.919,false,-1,true,0.509577,true,0.22631,true,0.480476,true,0.534588,true,0.476242
1749146738.4199,11:05:38.419,false,-1,true,0.509575,true,0.227332,true,0.482215,true,0.534551,true,0.47621
1749146738.9197,11:05:38.919,false,-1,true,0.509573,true,0.227368,true,0.484011,true,0.551172,true,0.477727
1749146739.4195,11:05:39.419,false,-1,true,0.500598,true,0.226718,true,0.486125,true,0.551127,true,0.480774
1749146739.9194,11:05:39.919,false,-1,true,0.500598,true,0.226142,true,0.486854,true,0.551082,true,0.485134
1749146740.4194,11:05:40.419,false,-1,true,0.51669,true,0.223277,true,0.484845,true,0.558852,true,0.488488
1749146740.9186,11:05:40.918,false,-1,true,0.516964,true,0.221511,true,0.482042,true,0.558804,true,0.488449
1749146741.4183,11:05:41.418,false,-1,true,0.51696,true,0.22155,true,0.479114,true,0.520578,true,0.478065
1749146741.9184,11:05:41.918,false,-1,true,0.496121,true,0.223181,true,0.476006,true,0.520546,true,0.478033
1749146742.4183,11:05:42.418,false,-1,true,0.496122,true,0.224966,true,0.475112,true,0.554252,true,0.499626
1749146742.9181,11:05:42.918,false,-1,true,0.496122,true,0.225003,true,0.477412,true,0.554206,true,0.50344
1749146743.4181,11:05:43.418,false,-1,true,0.493558,true,0.222488,true,0.480396,true,0.563863,true,0.506269
1749146743.9178,11:05:43.917,false,-1,true,0.478317,true,0.219903,true,0.481619,true,0.563812,true,0.51126
1749146744.4176,11:05:44.417,false,-1,true,0.478321,true,0.215174,true,0.482139,true,0.563761,true,0.511205
1749146744.9179,11:05:44.917,false,-1,true,0.478325,true,0.209505,true,0.481089,true,0.54828,true,0.478012
1749146745.4173,11:05:45.417,false,-1,true,0.479715,true,0.203862,true,0.478503,true,0.548237,true,0.47798
1749146745.9169,11:05:45.916,false,-1,true,0.489133,true,0.19814,true,0.47586,true,0.557291,true,0.502961
1749146746.4172,11:05:46.417,false,-1,true,0.51587,true,0.192186,true,0.475625,true,0.59358,true,0.519004
1749146746.9167,11:05:46.916,false,-1,true,0.515867,true,0.188306,true,0.475932,true,0.593511,true,0.518941
1749146747.4163,11:05:47.416,false,-1,true,0.515864,true,0.185256,true,0.475028,true,0.583212,true,0.516948
1749146747.9166,11:05:47.916,false,-1,true,0.521496,true,0.181875,true,0.474703,true,0.583151,true,0.516887
1749146748.4166,11:05:48.416,false,-1,true,0.521492,true,0.18082,true,0.476161,true,0.583089,true,0.516827
1749146748.9161,11:05:48.916,false,-1,true,0.515958,true,0.180876,true,0.477216,true,0.575837,true,0.490936
1749146749.4161,11:05:49.416,false,-1,true,0.515955,true,0.185851,true,0.47754,true,0.57578,true,0.479022
1749146749.9159,11:05:49.915,false,-1,true,0.55453,true,0.190048,true,0.478942,true,0.573593,true,0.47899
1749146750.4154,11:05:50.415,false,-1,true,0.558161,true,0.194931,true,0.480874,true,0.573537,true,0.478957
1749146750.9156,11:05:50.915,false,-1,true,0.558995,true,0.197224,true,0.480937,true,0.558432,true,0.470233
1749146751.4156,11:05:51.415,false,-1,true,0.567106,true,0.200019,true,0.480383,true,0.537442,true,0.461981
1749146751.9148,11:05:51.914,false,-1,true,0.567093,true,0.203322,true,0.480374,true,0.533604,true,0.437392
1749146752.4149,11:05:52.414,false,-1,true,0.567079,true,0.204093,true,0.480394,true,0.533567,true,0.437378
1749146752.915,11:05:52.915,false,-1,true,0.561202,true,0.206069,true,0.480769,true,0.534566,true,0.455564
1749146753.4142,11:05:53.414,false,-1,true,0.56119,true,0.209379,true,0.481033,true,0.534529,true,0.455543
1749146753.914,11:05:53.914,false,-1,true,0.551704,true,0.213838,true,0.48069,true,0.534492,true,0.455522
1749146754.4143,11:05:54.414,false,-1,true,0.547155,true,0.21684,true,0.481569,true,0.572081,true,0.468532
1749146754.9139,11:05:54.913,false,-1,true,0.526699,true,0.217133,true,0.483279,true,0.572026,true,0.483228
1749146755.4142,11:05:55.414,false,-1,true,0.492907,true,0.217173,true,0.48302,true,0.544403,true,0.483193
1749146755.9144,11:05:55.914,false,-1,true,0.492908,true,0.215984,true,0.480722,true,0.544362,true,0.482893
1749146756.414,11:05:56.414,false,-1,true,0.520648,true,0.210236,true,0.479408,true,0.547285,true,0.478834
1749146756.9138,11:05:56.913,false,-1,true,0.520644,true,0.205347,true,0.477455,true,0.547243,true,0.467945
1749146757.4138,11:05:57.413,false,-1,true,0.508756,true,0.205392,true,0.474715,true,0.515921,true,0.450706
1749146757.9137,11:05:57.913,false,-1,true,0.496961,true,0.206557,true,0.473921,true,0.515891,true,0.450687
1749146758.4135,11:05:58.413,false,-1,true,0.495277,true,0.2066,true,0.478156,true,0.553327,true,0.463014
1749146758.9139,11:05:58.913,false,-1,true,0.495278,true,0.204901,true,0.48405,true,0.563959,true,0.465754
1749146759.413,11:05:59.413,false,-1,true,0.456717,true,0.202528,true,0.486711,true,0.567233,true,0.471532
1749146759.9126,11:05:59.912,false,-1,true,0.456725,true,0.199525,true,0.484949,true,0.581888,true,0.487058
1749146760.4132,11:06:00.413,false,-1,true,0.458354,true,0.197331,true,0.483189,true,0.583045,true,0.48702
1749146760.9129,11:06:00.912,false,-1,true,0.482028,true,0.197379,true,0.483381,true,0.582984,true,0.45835
1749146761.4129,11:06:01.412,false,-1,true,0.487872,true,0.198315,true,0.483767,true,0.575313,true,0.458328
1749146761.913,11:06:01.913,false,-1,true,0.523419,true,0.203135,true,0.483457,true,0.562955,true,0.470837
1749146762.4124,11:06:02.412,false,-1,true,0.523415,true,0.20635,true,0.483796,true,0.562905,true,0.470809
1749146762.9121,11:06:02.912,false,-1,true,0.51844,true,0.206394,true,0.484762,true,0.562855,true,0.459236
1749146763.4122,11:06:03.412,false,-1,true,0.489795,true,0.204868,true,0.484993,true,0.555063,true,0.456075
1749146763.9118,11:06:03.911,false,-1,true,0.491389,true,0.204912,true,0.484732,true,0.556447,true,0.457073
1749146764.4113,11:06:04.411,false,-1,true,0.491391,true,0.210062,true,0.483919,true,0.554971,true,0.453609
1749146764.9117,11:06:04.911,false,-1,true,0.491392,true,0.215503,true,0.484296,true,0.556354,true,0.449462
1749146765.4117,11:06:05.411,false,-1,true,0.479378,true,0.218897,true,0.486088,true,0.558885,true,0.449444
1749146765.911,11:06:05.911,false,-1,true,0.474719,true,0.221664,true,0.488348,true,0.569919,true,0.463844
1749146766.411,11:06:06.411,false,-1,true,0.474724,true,0.225256,true,0.48941,true,0.573835,true,0.463945
1749146766.9111,11:06:06.911,false,-1,true,0.47748,true,0.232575,true,0.489155,true,0.569809,true,0.463795
1749146767.4105,11:06:07.410,false,-1,true,0.501159,true,0.236173,true,0.489239,true,0.573726,true,0.463897
1749146767.9105,11:06:07.910,false,-1,true,0.514133,true,0.241363,true,0.488653,true,0.573479,true,0.470454
1749146768.411,11:06:08.411,false,-1,true,0.514131,true,0.243254,true,0.48743,true,0.583668,true,0.479761
1749146768.9104,11:06:08.910,false,-1,true,0.514128,true,0.243284,true,0.487322,true,0.573362,true,0.479728
1749146769.4102,11:06:09.410,false,-1,true,0.515502,true,0.238726,true,0.488521,true,0.557665,true,0.468519
1749146769.9105,11:06:09.910,false,-1,true,0.515499,true,0.230833,true,0.488776,true,0.55406,true,0.468492
1749146770.4099,11:06:10.409,false,-1,true,0.514814,true,0.22266,true,0.487045,true,0.554015,true,0.470903
1749146770.9096,11:06:10.909,false,-1,true,0.496341,true,0.216764,true,0.485138,true,0.567052,true,0.477871
1749146771.4096,11:06:11.409,false,-1,true,0.487145,true,0.21555,true,0.484396,true,0.57412,true,0.47784
1749146771.9088,11:06:11.908,false,-1,true,0.466577,true,0.21292,true,0.484417,true,0.574574,true,0.466103
1749146772.4087,11:06:12.408,false,-1,true,0.449265,true,0.212393,true,0.484871,true,0.590105,true,0.45972
1749146772.9091,11:06:12.909,false,-1,true,0.43446,true,0.212435,true,0.484345,true,0.590438,true,0.459697
1749146773.4085,11:06:13.408,false,-1,true,0.434473,true,0.213908,true,0.482893,true,0.600126,true,0.482366
1749146773.9083,11:06:13.908,false,-1,true,0.440475,true,0.215043,true,0.481558,true,0.626401,true,0.511898
1749146774.4085,11:06:14.408,false,-1,true,0.440486,true,0.215083,true,0.481718,true,0.631871,true,0.514601
1749146774.9078,11:06:14.907,false,-1,true,0.430676,true,0.2123,true,0.483163,true,0.632712,true,0.519485
1749146775.4072,11:06:15.407,false,-1,true,0.43069,true,0.210079,true,0.483958,true,0.631682,true,0.518579
1749146775.9078,11:06:15.907,false,-1,true,0.442761,true,0.208006,true,0.483381,true,0.614383,true,0.518518
1749146776.4071,11:06:16.407,false,-1,true,0.455427,true,0.203841,true,0.481779,true,0.602556,true,0.516073
1749146776.9071,11:06:16.907,false,-1,true,0.455436,true,0.203886,true,0.480491,true,0.597858,true,0.512457
1749146777.4074,11:06:17.407,false,-1,true,0.461107,true,0.210039,true,0.479511,true,0.592798,true,0.490251
1749146777.907,11:06:17.907,false,-1,true,0.447246,true,0.215614,true,0.478262,true,0.592732,true,0.477317
1749146778.4066,11:06:18.406,false,-1,true,0.444018,true,0.220957,true,0.4772,true,0.598886,true,0.460692
1749146778.9069,11:06:18.906,false,-1,true,0.438913,true,0.230715,true,0.476468,true,0.603421,true,0.460669
1749146779.4065,11:06:19.406,false,-1,true,0.438925,true,0.240872,true,0.476051,true,0.61688,true,0.48721
1749146779.906,11:06:19.906,false,-1,true,0.479998,true,0.243711,true,0.475954,true,0.616797,true,0.497909
1749146780.4066,11:06:20.406,false,-1,true,0.509713,true,0.243741,true,0.475421,true,0.612965,true,0.497865
1749146780.9062,11:06:20.906,false,-1,true,0.512773,true,0.243284,true,0.474929,true,0.578947,true,0.457436
1749146781.4057,11:06:21.405,false,-1,true,0.509708,true,0.239139,true,0.474939,true,0.561734,true,0.432355
1749146781.9059,11:06:21.905,false,-1,true,0.501799,true,0.23313,true,0.47561,true,0.557224,true,0.432343
1749146782.4057,11:06:22.405,false,-1,true,0.494734,true,0.225747,true,0.475798,true,0.557178,true,0.443483
1749146782.9054,11:06:22.905,false,-1,true,0.484625,true,0.223236,true,0.475889,true,0.569675,true,0.452741
1749146783.4052,11:06:23.405,false,-1,true,0.476421,true,0.221539,true,0.477111,true,0.569625,true,0.455507
1749146783.9053,11:06:23.905,false,-1,true,0.463451,true,0.221577,true,0.478693,true,0.59021,true,0.477452
1749146784.4045,11:06:24.404,false,-1,true,0.425712,true,0.221614,true,0.479602,true,0.597749,true,0.479449
1749146784.9051,11:06:24.905,false,-1,true,0.421934,true,0.218965,true,0.479426,true,0.59768,true,0.479417
1749146785.4052,11:06:25.405,false,-1,true,0.418301,true,0.215878,true,0.478686,true,0.571676,true,0.461235
1749146785.9048,11:06:25.904,false,-1,true,0.412653,true,0.215917,true,0.477969,true,0.568049,true,0.461212
1749146786.4045,11:06:26.404,false,-1,true,0.412671,true,0.216351,true,0.477047,true,0.562053,true,0.461189
1749146786.9047,11:06:26.904,false,-1,true,0.425917,true,0.21857,true,0.475775,true,0.544942,true,0.442736
1749146787.4043,11:06:27.404,false,-1,true,0.429241,true,0.220352,true,0.474004,true,0.544902,true,0.44034
1749146787.904,11:06:27.904,false,-1,true,0.429255,true,0.221,true,0.47273,true,0.563052,true,0.440326
1749146788.4038,11:06:28.403,false,-1,true,0.428661,true,0.224744,true,0.47244,true,0.589901,true,0.462623
1749146788.9034,11:06:28.903,false,-1,true,0.428675,true,0.226117,true,0.473306,true,0.589837,true,0.463533
1749146789.4032,11:06:29.403,false,-1,true,0.43996,true,0.226152,true,0.475503,true,0.593045,true,0.463509
1749146789.9036,11:06:29.903,false,-1,true,0.482633,true,0.226071,true,0.477726,true,0.596184,true,0.458503
1749146790.4033,11:06:30.403,false,-1,true,0.499901,true,0.225168,true,0.478605,true,0.596116,true,0.440869
1749146790.9031,11:06:30.903,false,-1,true,0.499901,true,0.22462,true,0.478315,true,0.588734,true,0.419458
1749146791.4033,11:06:31.403,false,-1,true,0.49037,true,0.222027,true,0.478036,true,0.581028,true,0.418504
1749146791.903,11:06:31.903,false,-1,true,0.457392,true,0.22097,true,0.476631,true,0.567714,true,0.419441
1749146792.4026,11:06:32.402,false,-1,true,0.4574,true,0.216526,true,0.474267,true,0.567663,true,0.425947
1749146792.9033,11:06:32.903,false,-1,true,0.457408,true,0.212687,true,0.47272,true,0.567612,true,0.425937
1749146793.4029,11:06:33.402,false,-1,true,0.43379,true,0.212727,true,0.472157,true,0.543252,true,0.416635
1749146793.9025,11:06:33.902,false,-1,true,0.421563,true,0.216264,true,0.47187,true,0.493888,true,0.397129
1749146794.4028,11:06:34.402,false,-1,true,0.421578,true,0.218046,true,0.471084,true,0.493866,true,0.397126
1749146794.902,11:06:34.902,false,-1,true,0.470183,true,0.219909,true,0.469824,true,0.502467,true,0.404523
1749146795.4015,11:06:35.401,false,-1,true,0.519002,true,0.220557,true,0.468094,true,0.534946,true,0.412295
1749146795.9017,11:06:35.901,false,-1,true,0.545382,true,0.220594,true,0.466,true,0.552499,true,0.413281
1749146796.4015,11:06:36.401,false,-1,true,0.54547,true,0.219343,true,0.463784,true,0.558034,true,0.416992
1749146796.9014,11:06:36.901,false,-1,true,0.545462,true,0.214394,true,0.462085,true,0.562065,true,0.416984
1749146797.4014,11:06:37.401,false,-1,true,0.529083,true,0.210177,true,0.461206,true,0.562017,true,0.409449
1749146797.9011,11:06:37.901,false,-1,true,0.529078,true,0.210218,true,0.461724,true,0.544034,true,0.388628
1749146798.4006,11:06:38.400,false,-1,true,0.538434,true,0.209299,true,0.464267,true,0.543995,true,0.381708
1749146798.9007,11:06:38.900,false,-1,true,0.57795,true,0.208116,true,0.468266,true,0.552859,true,0.376922
1749146799.4008,11:06:39.400,false,-1,true,0.577934,true,0.205151,true,0.472003,true,0.552815,true,0.376923
1749146799.9002,11:06:39.900,false,-1,true,0.590639,true,0.205194,true,0.473174,true,0.551,true,0.382969
1749146800.4006,11:06:40.400,false,-1,true,0.59062,true,0.207182,true,0.471738,true,0.550957,true,0.393967
1749146800.9009,11:06:40.900,false,-1,true,0.590601,true,0.207299,true,0.470512,true,0.573608,true,0.430273
1749146801.4005,11:06:41.400,false,-1,true,0.57618,true,0.212894,true,0.470117,true,0.582319,true,0.453788
1749146801.9004,11:06:41.900,false,-1,true,0.565331,true,0.218679,true,0.469605,true,0.584582,true,0.453769
1749146802.4002,11:06:42.400,false,-1,true,0.561604,true,0.222,true,0.469632,true,0.587208,true,0.440767
1749146802.8994,11:06:42.899,false,-1,true,0.554559,true,0.222036,true,0.470553,true,0.587146,true,0.417061
1749146803.3991,11:06:43.399,false,-1,true,0.513391,true,0.221545,true,0.470864,true,0.570486,true,0.404615
1749146803.8995,11:06:43.899,false,-1,true,0.465781,true,0.218778,true,0.470315,true,0.549481,true,0.398117
1749146804.3988,11:06:44.398,false,-1,true,0.411948,true,0.218816,true,0.46952,true,0.52953,true,0.388382
1749146804.8986,11:06:44.898,false,-1,true,0.383659,true,0.221352,true,0.468863,true,0.498659,true,0.359884
1749146805.3989,11:06:45.398,false,-1,true,0.367929,true,0.224511,true,0.46787,true,0.470128,true,0.359887
1749146805.898,11:06:45.898,false,-1,true,0.342658,true,0.225999,true,0.466249,true,0.443146,true,0.365757
1749146806.3976,11:06:46.397,false,-1,true,0.3427,true,0.226116,true,0.463177,true,0.4213,true,0.374203
1749146806.8982,11:06:46.898,false,-1,true,0.355763,true,0.226151,true,0.457901,true,0.404181,true,0.374204
1749146807.3976,11:06:47.397,false,-1,true,0.406531,true,0.224361,true,0.452588,true,0.40418,true,0.369863
1749146807.8976,11:06:47.897,false,-1,true,0.450162,true,0.221259,true,0.449701,true,0.411762,true,0.367939
1749146808.3979,11:06:48.397,false,-1,true,0.471663,true,0.221296,true,0.4499,true,0.442053,true,0.366862
1749146808.8973,11:06:48.897,false,-1,true,0.471668,true,0.221332,true,0.452807,true,0.456326,true,0.365492
1749146809.3971,11:06:49.397,false,-1,true,0.436633,true,0.221326,true,0.456976,true,0.464939,true,0.366866
1749146809.8974,11:06:49.897,false,-1,true,0.387626,true,0.21804,true,0.46056,true,0.462484,true,0.371263
1749146810.3968,11:06:50.396,false,-1,true,0.350254,true,0.214563,true,0.461597,true,0.462471,true,0.371264
1749146810.8963,11:06:50.896,false,-1,true,0.311774,true,0.210775,true,0.460385,true,0.424999,true,0.366378
1749146811.3963,11:06:51.396,false,-1,true,0.311831,true,0.205427,true,0.45784,true,0.387394,true,0.348917
1749146811.8961,11:06:51.896,false,-1,true,0.344405,true,0.201216,true,0.454483,true,0.379352,true,0.338709
1749146812.3956,11:06:52.395,false,-1,true,0.396559,true,0.196667,true,0.451973,true,0.379355,true,0.338716
1749146812.8962,11:06:52.896,false,-1,true,0.43067,true,0.193735,true,0.451418,true,0.421453,true,0.362569
1749146813.3962,11:06:53.396,false,-1,true,0.468479,true,0.190789,true,0.453309,true,0.463769,true,0.383102
1749146813.8952,11:06:53.895,false,-1,true,0.476053,true,0.190551,true,0.456327,true,0.485027,true,0.383398
1749146814.3952,11:06:54.395,false,-1,true,0.476057,true,0.190322,true,0.459885,true,0.504874,true,0.398592
1749146814.8955,11:06:54.895,false,-1,true,0.396865,true,0.188559,true,0.463392,true,0.505047,true,0.398588
1749146815.3949,11:06:55.394,false,-1,true,0.324006,true,0.185358,true,0.466341,true,0.505023,true,0.38927
1749146815.8951,11:06:55.895,false,-1,true,0.324057,true,0.185409,true,0.467793,true,0.454687,true,0.359048
1749146816.395,11:06:56.395,false,-1,true,0.366374,true,0.186558,true,0.466556,true,0.454676,true,0.359052
1749146816.8944,11:06:56.894,false,-1,true,0.422827,true,0.190023,true,0.465167,true,0.455821,true,0.377213
1749146817.3943,11:06:57.394,false,-1,true,0.430489,true,0.190072,true,0.465493,true,0.522089,true,0.414197
1749146817.8942,11:06:57.894,false,-1,true,0.430502,true,0.188575,true,0.466279,true,0.536064,true,0.41419
1749146818.3938,11:06:58.393,false,-1,true,0.376381,true,0.185191,true,0.466858,true,0.536028,true,0.398164
1749146818.8941,11:06:58.894,false,-1,true,0.373868,true,0.181753,true,0.466548,true,0.486854,true,0.368415
1749146819.3941,11:06:59.394,false,-1,true,0.373897,true,0.181385,true,0.465005,true,0.438926,true,0.34393
1749146819.8933,11:06:59.893,false,-1,true,0.456515,true,0.181152,true,0.463091,true,0.438918,true,0.343936
1749146820.3934,11:07:00.393,false,-1,true,0.456523,true,0.180971,true,0.462794,true,0.484285,true,0.356641
1749146820.894,11:07:00.894,false,-1,true,0.394926,true,0.180963,true,0.463255,true,0.484266,true,0.379512
1749146821.3935,11:07:01.393,false,-1,true,0.35625,true,0.180708,true,0.463349,true,0.479407,true,0.379512
1749146821.8931,11:07:01.893,false,-1,true,0.356286,true,0.180519,true,0.462317,true,0.47939,true,0.379511
1749146822.3933,11:07:02.393,false,-1,true,0.389658,true,0.180561,true,0.462459,true,0.520714,true,0.375182
1749146822.8926,11:07:02.892,false,-1,true,0.389682,true,0.180626,true,0.465247,true,0.520684,true,0.375183
1749146823.392,11:07:03.392,false,-1,true,0.365807,true,0.18071,true,0.46757,true,0.489207,true,0.352959
1749146823.8922,11:07:03.892,false,-1,true,0.365839,true,0.186583,true,0.469119,true,0.486479,true,0.352963
1749146824.3918,11:07:04.391,false,-1,true,0.375937,true,0.191751,true,0.472166,true,0.48646,true,0.353949
1749146824.8914,11:07:04.891,false,-1,true,0.389949,true,0.197836,true,0.476421,true,0.486441,true,0.353953
1749146825.3917,11:07:05.391,false,-1,true,0.389973,true,0.202889,true,0.479844,true,0.491793,true,0.35453
1749146825.8916,11:07:05.891,false,-1,true,0.389997,true,0.208432,true,0.481336,true,0.51109,true,0.37755
1749146826.3909,11:07:06.390,false,-1,true,0.350547,true,0.211512,true,0.481,true,0.511063,true,0.388672
1749146826.8913,11:07:06.891,false,-1,true,0.350585,true,0.215579,true,0.479236,true,0.514807,true,0.396913
1749146827.3911,11:07:07.391,false,-1,true,0.374924,true,0.222021,true,0.47752,true,0.528284,true,0.408455
1749146827.8904,11:07:07.890,false,-1,true,0.374953,true,0.228423,true,0.478551,true,0.528251,true,0.408449
1749146828.3906,11:07:08.390,false,-1,true,0.372274,true,0.234387,true,0.481876,true,0.532091,true,0.374546
1749146828.8902,11:07:08.890,false,-1,true,0.364845,true,0.23956,true,0.485562,true,0.52436,true,0.374529
1749146829.3897,11:07:09.389,false,-1,true,0.364375,true,0.241691,true,0.48832,true,0.525899,true,0.374547
1749146829.8895,11:07:09.889,false,-1,true,0.352825,true,0.245202,true,0.489001,true,0.525868,true,0.379452
1749146830.3896,11:07:10.389,false,-1,true,0.352862,true,0.246438,true,0.489724,true,0.525836,true,0.39731
1749146830.889,11:07:10.889,false,-1,true,0.352899,true,0.247365,true,0.489569,true,0.546294,true,0.399274
1749146831.3891,11:07:11.389,false,-1,true,0.347046,true,0.247393,true,0.487098,true,0.546254,true,0.418539
1749146831.8896,11:07:11.889,false,-1,true,0.347086,true,0.249511,true,0.483609,true,0.550118,true,0.418944
1749146832.389,11:07:12.389,false,-1,true,0.347125,true,0.249538,true,0.480184,true,0.563575,true,0.418936
1749146832.8888,11:07:12.888,false,-1,true,0.328532,true,0.244973,true,0.477528,true,0.563527,true,0.418928
1749146833.3889,11:07:13.388,false,-1,true,0.327059,true,0.238521,true,0.477046,true,0.56348,true,0.406665
1749146833.8885,11:07:13.888,false,-1,true,0.327108,true,0.237835,true,0.477021,true,0.565473,true,0.40666
1749146834.3884,11:07:14.388,false,-1,true,0.3351,true,0.237865,true,0.476383,true,0.574865,true,0.416821
1749146834.8885,11:07:14.888,false,-1,true,0.346657,true,0.239936,true,0.476306,true,0.58458,true,0.427186
1749146835.3882,11:07:15.388,false,-1,true,0.393037,true,0.254201,true,0.47649,true,0.594876,true,0.445713
1749146835.8883,11:07:15.888,false,-1,true,0.39306,true,0.271898,true,0.475688,true,0.594811,true,0.445697
1749146836.3883,11:07:16.388,false,-1,true,0.39046,true,0.282641,true,0.474189,true,0.561401,true,0.444396
1749146836.888,11:07:16.888,false,-1,true,0.363501,true,0.289091,true,0.472617,true,0.559353,true,0.441318
1749146837.3875,11:07:17.387,false,-1,true,0.37517,true,0.289552,true,0.471814,true,0.543012,true,0.41766
1749146837.8877,11:07:17.887,false,-1,true,0.375199,true,0.289568,true,0.470788,true,0.512786,true,0.391841
1749146838.3872,11:07:18.387,false,-1,true,0.375728,true,0.284361,true,0.470558,true,0.502282,true,0.359783
1749146838.8868,11:07:18.886,false,-1,true,0.383989,true,0.276032,true,0.470039,true,0.490723,true,0.356998
1749146839.3874,11:07:19.387,false,-1,true,0.408297,true,0.276052,true,0.468634,true,0.490703,true,0.350384
1749146839.8871,11:07:19.887,false,-1,true,0.409669,true,0.275932,true,0.467743,true,0.491725,true,0.34449
1749146840.3867,11:07:20.386,false,-1,true,0.408333,true,0.273738,true,0.468535,true,0.504754,true,0.344497
1749146840.8874,11:07:20.887,false,-1,true,0.373074,true,0.269345,true,0.470633,true,0.527993,true,0.349613
1749146841.3869,11:07:21.386,false,-1,true,0.36565,true,0.26548,true,0.472105,true,0.531372,true,0.354061
1749146841.8863,11:07:21.886,false,-1,true,0.373137,true,0.263481,true,0.472657,true,0.533468,true,0.357767
1749146842.3866,11:07:22.386,false,-1,true,0.388695,true,0.26247,true,0.473322,true,0.541727,true,0.368276
1749146842.8862,11:07:22.886,false,-1,true,0.402724,true,0.261544,true,0.474486,true,0.562074,true,0.403158
1749146843.3857,11:07:23.385,false,-1,true,0.402744,true,0.254982,true,0.475965,true,0.564685,true,0.403153
1749146843.8857,11:07:23.885,false,-1,true,0.382219,true,0.244578,true,0.476086,true,0.56198,true,0.401471
1749146844.3853,11:07:24.385,false,-1,true,0.367484,true,0.234017,true,0.474855,true,0.55114,true,0.396985
1749146844.8849,11:07:24.884,false,-1,true,0.357333,true,0.225585,true,0.473581,true,0.548429,true,0.390664
1749146845.3849,11:07:25.384,false,-1,true,0.342327,true,0.221401,true,0.471942,true,0.542843,true,0.386295
1749146845.8851,11:07:25.885,false,-1,true,0.333739,true,0.219823,true,0.469656,true,0.534648,true,0.377932
1749146846.3846,11:07:26.384,false,-1,true,0.342414,true,0.21986,true,0.468123,true,0.532549,true,0.371841
1749146846.8848,11:07:26.884,false,-1,true,0.365615,true,0.221994,true,0.469415,true,0.507133,true,0.371842
1749146847.3847,11:07:27.384,false,-1,true,0.370241,true,0.224296,true,0.472043,true,0.507109,true,0.372163
1749146847.8843,11:07:27.884,false,-1,true,0.370272,true,0.227443,true,0.473677,true,0.53191,true,0.406403
1749146848.3839,11:07:28.383,false,-1,true,0.375112,true,0.228829,true,0.473784,true,0.565029,true,0.419803
1749146848.8842,11:07:28.884,false,-1,true,0.366239,true,0.229015,true,0.473608,true,0.574836,true,0.419795
1749146849.384,11:07:29.384,false,-1,true,0.375173,true,0.229048,true,0.473491,true,0.574783,true,0.418829
1749146849.8838,11:07:29.883,false,-1,true,0.375045,true,0.226597,true,0.472803,true,0.555112,true,0.405841
1749146850.3837,11:07:30.383,false,-1,true,0.375511,true,0.223007,true,0.471779,true,0.544297,true,0.405836
1749146850.8833,11:07:30.883,false,-1,true,0.395397,true,0.219844,true,0.471761,true,0.544259,true,0.408058
1749146851.3828,11:07:31.382,false,-1,true,0.398012,true,0.21988,true,0.473269,true,0.546819,true,0.427553
1749146851.8828,11:07:31.882,false,-1,true,0.398034,true,0.221038,true,0.473891,true,0.549071,true,0.427542
1749146852.3826,11:07:32.382,false,-1,true,0.400373,true,0.221074,true,0.474483,true,0.546738,true,0.414219
1749146852.8827,11:07:32.882,false,-1,true,0.381891,true,0.21753,true,0.475417,true,0.539395,true,0.391527
1749146853.3829,11:07:33.382,false,-1,true,0.376285,true,0.217567,true,0.476092,true,0.539359,true,0.384578
1749146853.8824,11:07:33.882,false,-1,true,0.372367,true,0.218524,true,0.476359,true,0.541361,true,0.371762
1749146854.382,11:07:34.382,false,-1,true,0.366814,true,0.224134,true,0.477355,true,0.541825,true,0.371763
1749146854.8823,11:07:34.882,false,-1,true,0.3611,true,0.230157,true,0.477971,true,0.542595,true,0.385773
1749146855.3822,11:07:35.382,false,-1,true,0.325239,true,0.230514,true,0.477,true,0.548757,true,0.408851
1749146855.8818,11:07:35.881,false,-1,true,0.324069,true,0.230546,true,0.475037,true,0.554538,true,0.411092
1749146856.3818,11:07:36.381,false,-1,true,0.313634,true,0.226883,true,0.473468,true,0.558621,true,0.411252
1749146856.8819,11:07:36.881,false,-1,true,0.313688,true,0.223848,true,0.47234,true,0.560783,true,0.411246
1749146857.3815,11:07:37.381,false,-1,true,0.323675,true,0.220816,true,0.471346,true,0.55853,true,0.409784
1749146857.8818,11:07:37.881,false,-1,true,0.347308,true,0.215479,true,0.470951,true,0.547562,true,0.394133
1749146858.3816,11:07:38.381,false,-1,true,0.354903,true,0.213938,true,0.471871,true,0.54382,true,0.39252
1749146858.8808,11:07:38.880,false,-1,true,0.378081,true,0.211421,true,0.473025,true,0.541718,true,0.387136
1749146859.3809,11:07:39.380,false,-1,true,0.378109,true,0.208011,true,0.472886,true,0.54168,true,0.362941
1749146859.8807,11:07:39.880,false,-1,true,0.349326,true,0.203647,true,0.4723,true,0.541405,true,0.353885
1749146860.3803,11:07:40.380,false,-1,true,0.349364,true,0.203689,true,0.471228,true,0.520137,true,0.346908
1749146860.8805,11:07:40.880,false,-1,true,0.356537,true,0.206177,true,0.470354,true,0.512695,true,0.346583
1749146861.3805,11:07:41.380,false,-1,true,0.356572,true,0.208248,true,0.469866,true,0.512669,true,0.346589
1749146861.88,11:07:41.880,false,-1,true,0.35476,true,0.212043,true,0.469584,true,0.526955,true,0.347946
1749146862.3798,11:07:42.379,false,-1,true,0.347868,true,0.215226,true,0.468904,true,0.526924,true,0.347951
1749146862.8796,11:07:42.879,false,-1,true,0.345087,true,0.215516,true,0.468341,true,0.522893,true,0.347957
1749146863.3791,11:07:43.379,false,-1,true,0.335899,true,0.215553,true,0.468046,true,0.517319,true,0.357925
1749146863.8791,11:07:43.879,false,-1,true,0.335942,true,0.214375,true,0.467952,true,0.501544,true,0.358925
1749146864.379,11:07:44.379,false,-1,true,0.320774,true,0.212866,true,0.467806,true,0.495169,true,0.358942
1749146864.8786,11:07:44.878,false,-1,true,0.320825,true,0.210386,true,0.46743,true,0.495148,true,0.360034
1749146865.3784,11:07:45.378,false,-1,true,0.330023,true,0.210425,true,0.467635,true,0.518327,true,0.373746
1749146865.8785,11:07:45.878,false,-1,true,0.33007,true,0.211347,true,0.46856,true,0.520353,true,0.373747
1749146866.3781,11:07:46.378,false,-1,true,0.321678,true,0.215115,true,0.468925,true,0.51827,true,0.37367
1749146866.8779,11:07:46.877,false,-1,true,0.31439,true,0.215153,true,0.469694,true,0.522601,true,0.373671
1749146867.3782,11:07:47.378,false,-1,true,0.288936,true,0.214232,true,0.471479,true,0.527442,true,0.3799
1749146867.8777,11:07:47.877,false,-1,true,0.275316,true,0.214269,true,0.472796,true,0.544809,true,0.404207
1749146868.3774,11:07:48.377,false,-1,true,0.274666,true,0.214185,true,0.472813,true,0.560404,true,0.410843
1749146868.8776,11:07:48.877,false,-1,true,0.274744,true,0.214223,true,0.471257,true,0.568446,true,0.412571
1749146869.3774,11:07:49.377,false,-1,true,0.294931,true,0.213423,true,0.469504,true,0.566781,true,0.419258
1749146869.8767,11:07:49.876,false,-1,true,0.30176,true,0.21014,true,0.468392,true,0.568653,true,0.421004
1749146870.3769,11:07:50.376,false,-1,true,0.333862,true,0.205236,true,0.467648,true,0.568604,true,0.420996
1749146870.877,11:07:50.877,false,-1,true,0.333906,true,0.199387,true,0.467729,true,0.568555,true,0.415667
1749146871.3762,11:07:51.376,false,-1,true,0.312297,true,0.195489,true,0.467714,true,0.540152,true,0.401109
1749146871.8764,11:07:51.876,false,-1,true,0.312351,true,0.192759,true,0.46724,true,0.537217,true,0.385969
1749146872.3765,11:07:52.376,false,-1,true,0.313624,true,0.191256,true,0.46659,true,0.520838,true,0.362822
1749146872.8758,11:07:52.875,false,-1,true,0.313678,true,0.190722,true,0.467371,true,0.520809,true,0.362824
1749146873.376,11:07:53.376,false,-1,true,0.290168,true,0.189173,true,0.471421,true,0.535359,true,0.373397
1749146873.8757,11:07:53.875,false,-1,true,0.290235,true,0.189218,true,0.476052,true,0.535324,true,0.373398
1749146874.3751,11:07:54.375,false,-1,true,0.290303,true,0.189266,true,0.477436,true,0.513461,true,0.364547
1749146874.8754,11:07:54.875,false,-1,true,0.295029,true,0.19453,true,0.474988,true,0.510274,true,0.360379
1749146875.3755,11:07:55.375,false,-1,true,0.295093,true,0.197393,true,0.472068,true,0.510249,true,0.360335
1749146875.8751,11:07:55.875,false,-1,true,0.314418,true,0.202305,true,0.470231,true,0.520033,true,0.360337
1749146876.3751,11:07:56.375,false,-1,true,0.315045,true,0.202586,true,0.469921,true,0.520004,true,0.347785
1749146876.8749,11:07:56.874,false,-1,true,0.328899,true,0.202628,true,0.471496,true,0.519975,true,0.34779
1749146877.3743,11:07:57.374,false,-1,true,0.331968,true,0.200406,true,0.473488,true,0.515083,true,0.354248
1749146877.8744,11:07:57.874,false,-1,true,0.342343,true,0.200332,true,0.474285,true,0.515056,true,0.354252
1749146878.3744,11:07:58.374,false,-1,true,0.342383,true,0.200492,true,0.472783,true,0.513441,true,0.340228
1749146878.8743,11:07:58.874,false,-1,true,0.330491,true,0.205878,true,0.470403,true,0.50281,true,0.340142
1749146879.3741,11:07:59.374,false,-1,true,0.330537,true,0.209881,true,0.469558,true,0.479073,true,0.331052
1749146879.8742,11:07:59.874,false,-1,true,0.35115,true,0.211555,true,0.47175,true,0.473805,true,0.324689
1749146880.3739,11:08:00.373,false,-1,true,0.351187,true,0.213926,true,0.474382,true,0.47379,true,0.3247
1749146880.8735,11:08:00.873,false,-1,true,0.343287,true,0.217095,true,0.474972,true,0.47414,true,0.337458
1749146881.3738,11:08:01.373,false,-1,true,0.340349,true,0.221973,true,0.474063,true,0.478356,true,0.349321
1749146881.8732,11:08:01.873,false,-1,true,0.332152,true,0.226434,true,0.472528,true,0.496528,true,0.358419
1749146882.3727,11:08:02.372,false,-1,true,0.340436,true,0.232787,true,0.471009,true,0.503434,true,0.358423
1749146882.873,11:08:02.873,false,-1,true,0.364123,true,0.240228,true,0.469701,true,0.509304,true,0.356465
1749146883.373,11:08:03.373,false,-1,true,0.394956,true,0.244911,true,0.468489,true,0.520399,true,0.346813
1749146883.8726,11:08:03.872,false,-1,true,0.420381,true,0.245886,true,0.467269,true,0.523097,true,0.345804
1749146884.3727,11:08:04.372,false,-1,true,0.422184,true,0.245913,true,0.466421,true,0.552419,true,0.34581
1749146884.8729,11:08:04.872,false,-1,true,0.431302,true,0.245386,true,0.465642,true,0.552378,true,0.345604
1749146885.3721,11:08:05.372,false,-1,true,0.431315,true,0.244673,true,0.464456,true,0.545509,true,0.34561
1749146885.8723,11:08:05.872,false,-1,true,0.4156,true,0.242805,true,0.462979,true,0.522277,true,0.339173
1749146886.3719,11:08:06.371,false,-1,true,0.391246,true,0.237834,true,0.462058,true,0.5156,true,0.33918
1749146886.8716,11:08:06.871,false,-1,true,0.383882,true,0.229989,true,0.461445,true,0.512082,true,0.341717
1749146887.3722,11:08:07.372,false,-1,true,0.383907,true,0.222647,true,0.461212,true,0.505403,true,0.341724
1749146887.8721,11:08:07.872,false,-1,true,0.383932,true,0.2158,true,0.460959,true,0.501245,true,0.333215
1749146888.3713,11:08:08.371,false,-1,true,0.380338,true,0.210021,true,0.460224,true,0.505358,true,0.325074
1749146888.8717,11:08:08.871,false,-1,true,0.370117,true,0.21006,true,0.459514,true,0.493142,true,0.324521
1749146889.3715,11:08:09.371,false,-1,true,0.370146,true,0.211096,true,0.459029,true,0.488678,true,0.30902
1749146889.8707,11:08:09.870,false,-1,true,0.401863,true,0.21228,true,0.459266,true,0.473351,true,0.309035
1749146890.3705,11:08:10.370,false,-1,true,0.426514,true,0.212503,true,0.460001,true,0.463718,true,0.309163
1749146890.8702,11:08:10.870,false,-1,true,0.426527,true,0.213528,true,0.461912,true,0.455426,true,0.309178
1749146891.3696,11:08:11.369,false,-1,true,0.422652,true,0.213565,true,0.463357,true,0.448427,true,0.309193
1749146891.8701,11:08:11.870,false,-1,true,0.413974,true,0.21349,true,0.462645,true,0.455407,true,0.318173
1749146892.3703,11:08:12.370,false,-1,true,0.405032,true,0.212942,true,0.460442,true,0.449961,true,0.326609
1749146892.8699,11:08:12.869,false,-1,true,0.39876,true,0.212684,true,0.458715,true,0.455546,true,0.329265
1749146893.3696,11:08:13.369,false,-1,true,0.402291,true,0.209172,true,0.458379,true,0.455535,true,0.326628
1749146893.87,11:08:13.870,false,-1,true,0.393492,true,0.205887,true,0.458076,true,0.462422,true,0.323815
1749146894.3694,11:08:14.369,false,-1,true,0.39893,true,0.201048,true,0.458102,true,0.466204,true,0.315159
1749146894.8691,11:08:14.869,false,-1,true,0.39895,true,0.198081,true,0.458135,true,0.462396,true,0.310002
1749146895.3693,11:08:15.369,false,-1,true,0.403973,true,0.197649,true,0.458255,true,0.46618,true,0.314531
1749146895.8688,11:08:15.868,false,-1,true,0.403993,true,0.1971,true,0.459216,true,0.472253,true,0.314545
1749146896.3682,11:08:16.368,false,-1,true,0.39134,true,0.197388,true,0.461101,true,0.472369,true,0.317215
1749146896.8684,11:08:16.868,false,-1,true,0.373226,true,0.197187,true,0.462879,true,0.480116,true,0.328184
1749146897.3681,11:08:17.368,false,-1,true,0.373254,true,0.195503,true,0.463195,true,0.483929,true,0.341147
1749146897.8677,11:08:17.867,false,-1,true,0.385859,true,0.193232,true,0.461835,true,0.483912,true,0.341154
1749146898.368,11:08:18.368,false,-1,true,0.424394,true,0.189712,true,0.46051,true,0.481856,true,0.329075
1749146898.8678,11:08:18.867,false,-1,true,0.447989,true,0.18794,true,0.459343,true,0.451568,true,0.317391
1749146899.3672,11:08:19.367,false,-1,true,0.45307,true,0.186212,true,0.457779,true,0.451559,true,0.313687
1749146899.8675,11:08:19.867,false,-1,true,0.448005,true,0.186036,true,0.456815,true,0.447485,true,0.30921
1749146900.3675,11:08:20.367,false,-1,true,0.429349,true,0.186309,true,0.458055,true,0.447476,true,0.303636
1749146900.8667,11:08:20.866,false,-1,true,0.404746,true,0.186445,true,0.460498,true,0.435301,true,0.29934
1749146901.3672,11:08:21.367,false,-1,true,0.404765,true,0.186551,true,0.462749,true,0.434206,true,0.290821
1749146901.8668,11:08:21.866,false,-1,true,0.404783,true,0.187065,true,0.463429,true,0.426355,true,0.290843
1749146902.3661,11:08:22.366,false,-1,true,0.369018,true,0.189754,true,0.462823,true,0.42635,true,0.296079
1749146902.8667,11:08:22.866,false,-1,true,0.361258,true,0.19407,true,0.462034,true,0.426345,true,0.30891
1749146903.3665,11:08:23.366,false,-1,true,0.36129,true,0.197086,true,0.461414,true,0.416025,true,0.31451
1749146903.866,11:08:23.866,false,-1,true,0.365067,true,0.202691,true,0.460894,true,0.416021,true,0.325132
1749146904.366,11:08:24.366,false,-1,true,0.380666,true,0.20988,true,0.461022,true,0.424487,true,0.338038
1749146904.8658,11:08:24.865,false,-1,true,0.407402,true,0.212771,true,0.461039,true,0.424482,true,0.341952
1749146905.3655,11:08:25.365,false,-1,true,0.412256,true,0.21656,true,0.460469,true,0.424478,true,0.349602
1749146905.8656,11:08:25.865,false,-1,true,0.412285,true,0.219526,true,0.460594,true,0.427275,true,0.351441
1749146906.3657,11:08:26.365,false,-1,true,0.417776,true,0.222046,true,0.461338,true,0.42727,true,0.351446
1749146906.8653,11:08:26.865,false,-1,true,0.417792,true,0.22208,true,0.461888,true,0.420447,true,0.337891
1749146907.3653,11:08:27.365,false,-1,true,0.415644,true,0.220576,true,0.464628,true,0.420443,true,0.337899
1749146907.8658,11:08:27.865,false,-1,true,0.392712,true,0.217228,true,0.46875,true,0.42044,true,0.350586
1749146908.3648,11:08:28.364,false,-1,true,0.392734,true,0.21377,true,0.469993,true,0.422748,true,0.350591
1749146908.8649,11:08:28.864,false,-1,true,0.396255,true,0.213807,true,0.468497,true,0.422744,true,0.343512
1749146909.3649,11:08:29.364,false,-1,true,0.396276,true,0.21401,true,0.467065,true,0.428351,true,0.330565
1749146909.8644,11:08:29.864,false,-1,true,0.379493,true,0.214047,true,0.465486,true,0.428346,true,0.330574
1749146910.3641,11:08:30.364,false,-1,true,0.357436,true,0.213127,true,0.463674,true,0.428341,true,0.332035
1749146910.8643,11:08:30.864,false,-1,true,0.339802,true,0.21167,true,0.463594,true,0.474821,true,0.349689
1749146911.3635,11:08:31.363,false,-1,true,0.335751,true,0.209468,true,0.464387,true,0.474806,true,0.351934
1749146911.8632,11:08:31.863,false,-1,true,0.335793,true,0.209506,true,0.463304,true,0.463954,true,0.35373
1749146912.3634,11:08:32.363,false,-1,true,0.339547,true,0.211224,true,0.461733,true,0.463941,true,0.353734
1749146912.8633,11:08:32.863,false,-1,true,0.340637,true,0.211724,true,0.462574,true,0.463929,true,0.347522
1749146913.3629,11:08:33.362,false,-1,true,0.356824,true,0.215226,true,0.464926,true,0.431328,true,0.329657
1749146913.8631,11:08:33.863,false,-1,true,0.363586,true,0.216929,true,0.466384,true,0.431323,true,0.329666
1749146914.3628,11:08:34.362,false,-1,true,0.385358,true,0.216965,true,0.466606,true,0.460123,true,0.35943
1749146914.8624,11:08:34.862,false,-1,true,0.390415,true,0.215702,true,0.465601,true,0.460112,true,0.359433
1749146915.3626,11:08:35.362,false,-1,true,0.390441,true,0.213324,true,0.46371,true,0.442989,true,0.354462
1749146915.8627,11:08:35.862,false,-1,true,0.403516,true,0.209504,true,0.462982,true,0.439353,true,0.352763
1749146916.3619,11:08:36.361,false,-1,true,0.409416,true,0.206119,true,0.463994,true,0.424363,true,0.338274
1749146916.8624,11:08:36.862,false,-1,true,0.409434,true,0.203334,true,0.464269,true,0.393316,true,0.323077
1749146917.3624,11:08:37.362,false,-1,true,0.409451,true,0.199675,true,0.463919,true,0.393317,true,0.318949
1749146917.8618,11:08:37.861,false,-1,true,0.405989,true,0.196023,true,0.463689,true,0.407568,true,0.315897
1749146918.3619,11:08:38.361,false,-1,true,0.399013,true,0.192964,true,0.462852,true,0.415126,true,0.315909
1749146918.8619,11:08:38.861,false,-1,true,0.399033,true,0.19115,true,0.461556,true,0.424601,true,0.315922
1749146919.3616,11:08:39.361,false,-1,true,0.42313,true,0.18995,true,0.460919,true,0.424597,true,0.309802
1749146919.8618,11:08:39.861,false,-1,true,0.423144,true,0.188908,true,0.460394,true,0.43321,true,0.297626
1749146920.3618,11:08:40.361,false,-1,true,0.411001,true,0.186095,true,0.459583,true,0.433204,true,0.297645
1749146920.8611,11:08:40.861,false,-1,true,0.411018,true,0.186142,true,0.458846,true,0.437087,true,0.316418
1749146921.3611,11:08:41.361,false,-1,true,0.420511,true,0.186843,true,0.457919,true,0.468815,true,0.341003
1749146921.8613,11:08:41.861,false,-1,true,0.420525,true,0.189755,true,0.458766,true,0.478452,true,0.355806
1749146922.3606,11:08:42.360,false,-1,true,0.368276,true,0.192148,true,0.460971,true,0.514075,true,0.373321
1749146922.8606,11:08:42.860,false,-1,true,0.365366,true,0.192297,true,0.463305,true,0.514049,true,0.373322
1749146923.3611,11:08:43.361,false,-1,true,0.365396,true,0.196535,true,0.46426,true,0.500235,true,0.36941
1749146923.8603,11:08:43.860,false,-1,true,0.37827,true,0.201249,true,0.463226,true,0.492561,true,0.362353
1749146924.3599,11:08:44.359,false,-1,true,0.380129,true,0.206148,true,0.461863,true,0.484162,true,0.362356
1749146924.8602,11:08:44.860,false,-1,true,0.378321,true,0.211809,true,0.460179,true,0.475215,true,0.358475
1749146925.3594,11:08:45.359,false,-1,true,0.358316,true,0.219229,true,0.459054,true,0.484131,true,0.367127
1749146925.8596,11:08:45.859,false,-1,true,0.339054,true,0.227448,true,0.460262,true,0.495089,true,0.372856
1749146926.3601,11:08:46.360,false,-1,true,0.339094,true,0.233513,true,0.462041,true,0.499648,true,0.381159
1749146926.8598,11:08:46.859,false,-1,true,0.351604,true,0.233543,true,0.46312,true,0.510973,true,0.383061
1749146927.3595,11:08:47.359,false,-1,true,0.373668,true,0.2298,true,0.462953,true,0.510949,true,0.385375
1749146927.8597,11:08:47.859,false,-1,true,0.377638,true,0.225268,true,0.461835,true,0.515705,true,0.389041
1749146928.3589,11:08:48.358,false,-1,true,0.380765,true,0.221295,true,0.46012,true,0.515679,true,0.393946
1749146928.8588,11:08:48.858,false,-1,true,0.38079,true,0.21917,true,0.458642,true,0.516764,true,0.400364
1749146929.3589,11:08:49.358,false,-1,true,0.363161,true,0.217802,true,0.458431,true,0.518262,true,0.40036
1749146929.8586,11:08:49.858,false,-1,true,0.340325,true,0.215227,true,0.458955,true,0.518235,true,0.389394
1749146930.3584,11:08:50.358,false,-1,true,0.340365,true,0.215263,true,0.459507,true,0.514429,true,0.379084
1749146930.8588,11:08:50.858,false,-1,true,0.366814,true,0.216386,true,0.459504,true,0.514404,true,0.35861
1749146931.3581,11:08:51.358,false,-1,true,0.369509,true,0.219025,true,0.459741,true,0.530357,true,0.356987
1749146931.8579,11:08:51.857,false,-1,true,0.369538,true,0.224445,true,0.461055,true,0.530326,true,0.356391
1749146932.3579,11:08:52.357,false,-1,true,0.339616,true,0.224906,true,0.463059,true,0.537967,true,0.356395
1749146932.8574,11:08:52.857,false,-1,true,0.339656,true,0.224939,true,0.464888,true,0.537071,true,0.371906
1749146933.3566,11:08:53.356,false,-1,true,0.350756,true,0.221986,true,0.465836,true,0.547485,true,0.379999
1749146933.8571,11:08:53.857,false,-1,true,0.36984,true,0.221583,true,0.46523,true,0.536999,true,0.40489
1749146934.3567,11:08:54.356,false,-1,true,0.378155,true,0.221095,true,0.464511,true,0.536,true,0.406217
1749146934.8565,11:08:54.856,false,-1,true,0.380952,true,0.21859,true,0.46427,true,0.535967,true,0.40488
1749146935.3566,11:08:55.356,false,-1,true,0.399151,true,0.214823,true,0.464266,true,0.556484,true,0.406299
1749146935.8566,11:08:55.856,false,-1,true,0.380995,true,0.210388,true,0.46415,true,0.593881,true,0.418532
1749146936.356,11:08:56.356,false,-1,true,0.373102,true,0.210023,true,0.463378,true,0.593821,true,0.427947
1749146936.8558,11:08:56.855,false,-1,true,0.37313,true,0.210061,true,0.462791,true,0.584142,true,0.432499
1749146937.3558,11:08:57.355,false,-1,true,0.36531,true,0.210098,true,0.463228,true,0.58208,true,0.432488
1749146937.8554,11:08:57.855,false,-1,true,0.366588,true,0.210753,true,0.464163,true,0.539673,true,0.397344
1749146938.3552,11:08:58.355,false,-1,true,0.36537,true,0.211051,true,0.463963,true,0.537106,true,0.383011
1749146938.8555,11:08:58.855,false,-1,true,0.351583,true,0.211088,true,0.463526,true,0.537073,true,0.38301
1749146939.3547,11:08:59.354,false,-1,true,0.338933,true,0.210601,true,0.463165,true,0.55023,true,0.384483
1749146939.8545,11:08:59.854,false,-1,true,0.332051,true,0.210638,true,0.462909,true,0.550191,true,0.384482
1749146940.3548,11:09:00.354,false,-1,true,0.332094,true,0.211353,true,0.462899,true,0.533908,true,0.370914
1749146940.8544,11:09:00.854,false,-1,true,0.338615,true,0.21139,true,0.4639,true,0.533876,true,0.370915
1749146941.3542,11:09:01.354,false,-1,true,0.351719,true,0.208276,true,0.464596,true,0.533844,true,0.370094
1749146941.8547,11:09:01.854,false,-1,true,0.361593,true,0.208314,true,0.463931,true,0.504834,true,0.373071
1749146942.3542,11:09:02.354,false,-1,true,0.361625,true,0.209639,true,0.462602,true,0.500502,true,0.368708
1749146942.8545,11:09:02.854,false,-1,true,0.361656,true,0.211667,true,0.461812,true,0.47839,true,0.348842
1749146943.3543,11:09:03.354,false,-1,true,0.344294,true,0.214236,true,0.46171,true,0.467331,true,0.338884
1749146943.8537,11:09:03.853,false,-1,true,0.353314,true,0.215048,true,0.461841,true,0.478363,true,0.338891
1749146944.3536,11:09:04.353,false,-1,true,0.344365,true,0.216601,true,0.461935,true,0.494423,true,0.366604
1749146944.8536,11:09:04.853,false,-1,true,0.3381,true,0.219504,true,0.461733,true,0.511512,true,0.384171
1749146945.3536,11:09:05.353,false,-1,true,0.333333,true,0.219538,true,0.462017,true,0.511487,true,0.38417
1749146945.8536,11:09:05.853,false,-1,true,0.338184,true,0.217654,true,0.462802,true,0.51291,true,0.365497
1749146946.3538,11:09:06.353,false,-1,true,0.338599,true,0.217689,true,0.464006,true,0.52178,true,0.364598
1749146946.8535,11:09:06.853,false,-1,true,0.3452,true,0.220583,true,0.466383,true,0.521752,true,0.3646
1749146947.3527,11:09:07.352,false,-1,true,0.369042,true,0.225655,true,0.468124,true,0.531815,true,0.364602
1749146947.8525,11:09:07.852,false,-1,true,0.375427,true,0.231786,true,0.468867,true,0.509284,true,0.372005
1749146948.3522,11:09:08.352,false,-1,true,0.377534,true,0.238435,true,0.468319,true,0.50926,true,0.372005
1749146948.8516,11:09:08.851,false,-1,true,0.395743,true,0.245409,true,0.468725,true,0.491119,true,0.368503
1749146949.3519,11:09:09.351,false,-1,true,0.404415,true,0.25282,true,0.470659,true,0.4911,true,0.367077
1749146949.8519,11:09:09.851,false,-1,true,0.404433,true,0.255159,true,0.47256,true,0.498055,true,0.367079
1749146950.3513,11:09:10.351,false,-1,true,0.414877,true,0.256936,true,0.473991,true,0.521868,true,0.394049
1749146950.8514,11:09:10.851,false,-1,true,0.420457,true,0.260327,true,0.476138,true,0.526164,true,0.409349
1749146951.3513,11:09:11.351,false,-1,true,0.420471,true,0.263542,true,0.478751,true,0.526135,true,0.409343
1749146951.8505,11:09:11.850,false,-1,true,0.411002,true,0.266768,true,0.480153,true,0.49664,true,0.39554
1749146952.3504,11:09:12.350,false,-1,true,0.411018,true,0.272164,true,0.479536,true,0.49662,true,0.395537
1749146952.8506,11:09:12.850,false,-1,true,0.415465,true,0.275718,true,0.478429,true,0.516218,true,0.404501
1749146953.3499,11:09:13.349,false,-1,true,0.415481,true,0.279326,true,0.480086,true,0.516192,true,0.404497
1749146953.8501,11:09:13.850,false,-1,true,0.386954,true,0.284272,true,0.485049,true,0.514924,true,0.393517
1749146954.3503,11:09:14.350,false,-1,true,0.386977,true,0.291452,true,0.493727,true,0.514899,true,0.393515
1749146954.8498,11:09:14.849,false,-1,true,0.434564,true,0.303732,true,0.503447,true,0.555337,true,0.411199
1749146955.3496,11:09:15.349,false,-1,true,0.436276,true,0.315525,true,0.508513,true,0.555296,true,0.411193
1749146955.8499,11:09:15.849,false,-1,true,0.451516,true,0.323439,true,0.507904,true,0.551624,true,0.398573
1749146956.3495,11:09:16.349,false,-1,true,0.457276,true,0.32531,true,0.502059,true,0.500868,true,0.387382
1749146956.8499,11:09:16.849,false,-1,true,0.477018,true,0.325319,true,0.495364,true,0.49431,true,0.381138
1749146957.3498,11:09:17.349,false,-1,true,0.477022,true,0.325655,true,0.49114,true,0.494291,true,0.381137
1749146957.8493,11:09:17.849,false,-1,true,0.478838,true,0.3288,true,0.49055,true,0.494271,true,0.381137
1749146958.3491,11:09:18.349,false,-1,true,0.475125,true,0.332973,true,0.491294,true,0.475332,true,0.372949
1749146958.8492,11:09:18.849,false,-1,true,0.475129,true,0.345258,true,0.490406,true,0.4507,true,0.372949
1749146959.3484,11:09:19.348,false,-1,true,0.470437,true,0.352564,true,0.488728,true,0.45069,true,0.405094
1749146959.8485,11:09:19.848,false,-1,true,0.462311,true,0.368946,true,0.487304,true,0.501377,true,0.44501
1749146960.3485,11:09:20.348,false,-1,true,0.462317,true,0.392113,true,0.484684,true,0.501355,true,0.444995
1749146960.8479,11:09:20.847,false,-1,true,0.462206,true,0.408147,true,0.481849,true,0.474144,true,0.408991
1749146961.3476,11:09:21.347,false,-1,true,0.461642,true,0.411637,true,0.479323,true,0.415431,true,0.379009
1749146961.8478,11:09:21.847,false,-1,true,0.461648,true,0.411631,true,0.477073,true,0.415428,true,0.379009
1749146962.3474,11:09:22.347,false,-1,true,0.482072,true,0.401092,true,0.477638,true,0.432653,true,0.402749
1749146962.8469,11:09:22.846,false,-1,true,0.491848,true,0.392286,true,0.479576,true,0.480616,true,0.419508
1749146963.3471,11:09:23.347,false,-1,true,0.492525,true,0.384984,true,0.48099,true,0.480601,true,0.4195
1749146963.8474,11:09:23.847,false,-1,true,0.501992,true,0.377856,true,0.479117,true,0.457313,true,0.410716
1749146964.3466,11:09:24.346,false,-1,true,0.518407,true,0.377856,true,0.476005,true,0.435944,true,0.41071
1749146964.8468,11:09:24.846,false,-1,true,0.533684,true,0.39174,true,0.478027,true,0.435937,true,0.416239
1749146965.3465,11:09:25.346,false,-1,true,0.548688,true,0.427026,true,0.484137,true,0.473427,true,0.429673
1749146965.8461,11:09:25.846,false,-1,true,0.54868,true,0.458611,true,0.488419,true,0.481793,true,0.435168
1749146966.3459,11:09:26.345,false,-1,true,0.517043,true,0.505919,true,0.487823,true,0.482232,true,0.445455
1749146966.8458,11:09:26.845,false,-1,true,0.49826,true,0.560783,true,0.484091,true,0.53033,true,0.481702
1749146967.3452,11:09:27.345,false,-1,true,0.49826,true,0.61144,true,0.480589,true,0.536177,true,0.482371
1749146967.8455,11:09:27.845,false,-1,true,0.502094,true,0.63895,true,0.47833,true,0.536145,true,0.482342
1749146968.3453,11:09:28.345,false,-1,true,0.516097,true,0.64916,true,0.476499,true,0.504436,true,0.462475
1749146968.8449,11:09:28.844,false,-1,true,0.516094,true,0.658741,true,0.474432,true,0.501886,true,0.428073
1749146969.345,11:09:29.345,false,-1,true,0.50224,true,0.672975,true,0.472631,true,0.485191,true,0.409078
1749146969.8452,11:09:29.845,false,-1,true,0.485191,true,0.688353,true,0.471432,true,0.461002,true,0.404519
1749146970.3445,11:09:30.344,false,-1,true,0.485193,true,0.698832,true,0.472249,true,0.460991,true,0.403845
1749146970.8443,11:09:30.844,false,-1,true,0.505985,true,0.706001,true,0.474118,true,0.476257,true,0.40384
1749146971.3444,11:09:31.344,false,-1,true,0.505984,true,0.710914,true,0.476456,true,0.485793,true,0.416998
1749146971.8445,11:09:31.844,false,-1,true,0.49735,true,0.71428,true,0.478771,true,0.521111,true,0.438812
1749146972.3443,11:09:32.344,false,-1,true,0.40694,true,0.716038,true,0.481952,true,0.558217,true,0.467672
1749146972.8445,11:09:32.844,false,-1,true,0.406957,true,0.716452,true,0.484788,true,0.558176,true,0.467649
1749146973.3442,11:09:33.344,false,-1,true,0.425764,true,0.717619,true,0.485763,true,0.548071,true,0.461708
1749146973.8441,11:09:33.844,false,-1,true,0.509622,true,0.716479,true,0.484097,true,0.545363,true,0.461687
1749146974.3442,11:09:34.344,false,-1,true,0.550384,true,0.716339,true,0.482138,true,0.533206,true,0.465432
1749146974.8441,11:09:34.844,false,-1,true,0.550375,true,0.702283,true,0.480836,true,0.533717,true,0.467332
1749146975.3438,11:09:35.343,false,-1,true,0.545141,true,0.68018,true,0.481068,true,0.533144,true,0.467309
1749146975.8439,11:09:35.843,false,-1,true,0.543989,true,0.655039,true,0.482261,true,0.533654,true,0.474743
1749146976.3433,11:09:36.343,false,-1,true,0.528951,true,0.628661,true,0.482309,true,0.532903,true,0.483247
1749146976.8427,11:09:36.842,false,-1,true,0.528946,true,0.600372,true,0.48104,true,0.531257,true,0.483217
1749146977.3428,11:09:37.342,false,-1,true,0.531599,true,0.570504,true,0.479353,true,0.508388,true,0.464869
1749146977.8426,11:09:37.842,false,-1,true,0.547272,true,0.552777,true,0.479373,true,0.504519,true,0.459053
1749146978.3421,11:09:38.342,false,-1,true,0.587434,true,0.545136,true,0.48142,true,0.487315,true,0.417718
1749146978.8423,11:09:38.842,false,-1,true,0.591897,true,0.545097,true,0.483889,true,0.485071,true,0.400484
1749146979.3423,11:09:39.342,false,-1,true,0.59188,true,0.5541,true,0.485906,true,0.485055,true,0.400481
1749146979.8422,11:09:39.842,false,-1,true,0.559076,true,0.561988,true,0.488202,true,0.488619,true,0.40737
1749146980.3422,11:09:40.342,false,-1,true,0.535281,true,0.564964,true,0.490202,true,0.49226,true,0.412339
1749146980.8421,11:09:40.842,false,-1,true,0.532288,true,0.585175,true,0.489738,true,0.501275,true,0.413994
1749146981.3415,11:09:41.341,false,-1,true,0.525221,true,0.619348,true,0.487024,true,0.524683,true,0.429614
1749146981.8413,11:09:41.841,false,-1,true,0.504184,true,0.651753,true,0.484589,true,0.532044,true,0.429604
1749146982.341,11:09:42.341,false,-1,true,0.425952,true,0.673602,true,0.48346,true,0.539585,true,0.426074
1749146982.8404,11:09:42.840,false,-1,true,0.355261,true,0.688422,true,0.483236,true,0.552926,true,0.426065
1749146983.3405,11:09:43.340,false,-1,true,0.355294,true,0.698527,true,0.479522,true,0.539511,true,0.413104
1749146983.8412,11:09:43.841,false,-1,true,0.355327,true,0.705444,true,0.472453,true,0.522081,true,0.385986
1749146984.3404,11:09:44.340,false,-1,true,0.353494,true,0.710185,true,0.467514,true,0.498333,true,0.334424
1749146984.8402,11:09:44.840,false,-1,true,0.301769,true,0.713434,true,0.486773,true,0.498313,true,0.306428
1749146985.3402,11:09:45.340,false,-1,true,0.301825,true,0.715651,true,0.499637,true,0.499572,true,0.306443
1749146985.8398,11:09:45.839,false,-1,true,0.30785,true,0.717153,true,0.493428,true,0.499551,true,0.306458
1749146986.3399,11:09:46.339,false,-1,true,0.326164,true,0.718159,true,0.489552,true,0.486236,true,0.276761
1749146986.8401,11:09:46.840,false,-1,true,0.367193,true,0.718818,true,0.487104,true,0.486219,true,0.276788
1749146987.3395,11:09:47.339,false,-1,true,0.367222,true,0.719237,true,0.488629,true,0.497844,true,0.301891
1749146987.8396,11:09:47.839,false,-1,true,0.341855,true,0.719095,true,0.49417,true,0.497824,true,0.328992
1749146988.3394,11:09:48.339,false,-1,true,0.334544,true,0.717681,true,0.500129,true,0.493707,true,0.329001
1749146988.8391,11:09:48.839,false,-1,true,0.313105,true,0.717541,true,0.50437,true,0.493688,true,0.329009
1749146989.3387,11:09:49.338,false,-1,true,0.313155,true,0.718176,true,0.503136,true,0.511258,true,0.356071
1749146989.8389,11:09:49.838,false,-1,true,0.294988,true,0.718577,true,0.495053,true,0.512279,true,0.36684
1749146990.3386,11:09:50.338,false,-1,true,0.224091,true,0.718815,true,0.486051,true,0.51121,true,0.366841
1749146990.8383,11:09:50.838,false,-1,true,0.224201,true,0.71894,true,0.480446,true,0.515507,true,0.33286
1749146991.3385,11:09:51.338,false,-1,true,0.316599,true,0.718984,true,0.47787,true,0.511441,true,0.327542
1749146991.8381,11:09:51.838,false,-1,true,0.40754,true,0.718973,true,0.476858,true,0.518838,true,0.327551
1749146992.3379,11:09:52.337,false,-1,true,0.467412,true,0.718923,true,0.475316,true,0.543392,true,0.344744
1749146992.8382,11:09:52.838,false,-1,true,0.493492,true,0.718846,true,0.473675,true,0.579376,true,0.381104
1749146993.3378,11:09:53.337,false,-1,true,0.493493,true,0.71875,true,0.474195,true,0.607348,true,0.402146
1749146993.8378,11:09:53.837,false,-1,true,0.488555,true,0.718641,true,0.475123,true,0.610497,true,0.407536
1749146994.3379,11:09:54.337,false,-1,true,0.46159,true,0.718523,true,0.47444,true,0.607215,true,0.430515
1749146994.8375,11:09:54.837,false,-1,true,0.411142,true,0.718398,true,0.474409,true,0.59563,true,0.430505
1749146995.3368,11:09:55.336,false,-1,true,0.339629,true,0.718268,true,0.477731,true,0.548247,true,0.418792
1749146995.8372,11:09:55.837,false,-1,true,0.306699,true,0.718136,true,0.483053,true,0.51348,true,0.392488
1749146996.3368,11:09:56.336,false,-1,true,0.259315,true,0.718002,true,0.487287,true,0.502118,true,0.361699
1749146996.8365,11:09:56.836,false,-1,true,0.213519,true,0.717866,true,0.489739,true,0.495208,true,0.361243
1749146997.3365,11:09:57.336,false,-1,true,0.213638,true,0.717729,true,0.492009,true,0.495189,true,0.361246
1749146997.837,11:09:57.837,false,-1,true,0.239855,true,0.717592,true,0.493542,true,0.50985,true,0.379017
1749146998.3364,11:09:58.336,false,-1,true,0.260044,true,0.717454,true,0.492884,true,0.523825,true,0.392698
1749146998.8364,11:09:58.836,false,-1,true,0.260126,true,0.717316,true,0.491627,true,0.525883,true,0.392695
1749146999.3361,11:09:59.336,false,-1,true,0.204093,true,0.717178,true,0.490628,true,0.525854,true,0.380956
1749146999.8359,11:09:59.835,false,-1,true,0.190998,true,0.71704,true,0.490603,true,0.509799,true,0.368772
1749147000.3358,11:10:00.335,false,-1,true,0.191138,true,0.718301,true,0.490098,true,0.503513,true,0.363226
1749147000.8358,11:10:00.835,false,-1,true,0.253268,true,0.71914,true,0.489967,true,0.509755,true,0.363993
1749147001.3356,11:10:01.335,false,-1,true,0.347354,true,0.719683,true,0.490411,true,0.518536,true,0.363995
1749147001.8355,11:10:01.835,false,-1,true,0.34739,true,0.72002,true,0.491137,true,0.51851,true,0.371395
1749147002.3355,11:10:02.335,false,-1,true,0.33806,true,0.720214,true,0.488816,true,0.461661,true,0.371396
1749147002.8351,11:10:02.835,false,-1,true,0.269654,true,0.720307,true,0.484752,true,0.46165,true,0.371397
1749147003.3348,11:10:03.334,false,-1,true,0.237565,true,0.720329,true,0.48191,true,0.486499,true,0.369866
1749147003.835,11:10:03.835,false,-1,true,0.237663,true,0.720303,true,0.482137,true,0.486483,true,0.360237
1749147004.3343,11:10:04.334,false,-1,true,0.311399,true,0.720243,true,0.482325,true,0.476775,true,0.351256
1749147004.8341,11:10:04.834,false,-1,true,0.363975,true,0.720158,true,0.480604,true,0.476761,true,0.35126
1749147005.3343,11:10:05.334,false,-1,true,0.413813,true,0.720057,true,0.479009,true,0.509231,true,0.37233
1749147005.8342,11:10:05.834,false,-1,true,0.440656,true,0.719944,true,0.479193,true,0.523322,true,0.380799
1749147006.3338,11:10:06.333,false,-1,true,0.440665,true,0.719823,true,0.479285,true,0.538892,true,0.38563
1749147006.8339,11:10:06.833,false,-1,true,0.400029,true,0.719696,true,0.478312,true,0.538859,true,0.385629
1749147007.3337,11:10:07.333,false,-1,true,0.356471,true,0.719566,true,0.476391,true,0.502792,true,0.350174
1749147007.8335,11:10:07.833,false,-1,true,0.323957,true,0.719432,true,0.475872,true,0.501801,true,0.349471
1749147008.3334,11:10:08.333,false,-1,true,0.295516,true,0.719297,true,0.4775,true,0.50178,true,0.349476
1749147008.833,11:10:08.833,false,-1,true,0.258515,true,0.719161,true,0.480071,true,0.517653,true,0.34948
1749147009.3324,11:10:09.332,false,-1,true,0.258597,true,0.719024,true,0.483137,true,0.517627,true,0.347468
1749147009.8329,11:10:09.832,false,-1,true,0.255411,true,0.718886,true,0.486435,true,0.511074,true,0.337189
1749147010.3325,11:10:10.332,false,-1,true,0.230106,true,0.718748,true,0.488744,true,0.511051,true,0.337196
1749147010.8318,11:10:10.831,false,-1,true,0.192153,true,0.71861,true,0.489156,true,0.525598,true,0.342233
1749147011.332,11:10:11.332,false,-1,true,0.173305,true,0.718472,true,0.489159,true,0.555672,true,0.379222
1749147011.8321,11:10:11.832,false,-1,true,0.165981,true,0.718334,true,0.488995,true,0.58044,true,0.409694
1749147012.3316,11:10:12.331,false,-1,true,0.154656,true,0.718196,true,0.488558,true,0.586427,true,0.410577
1749147012.8316,11:10:12.831,false,-1,true,0.149483,true,0.718057,true,0.488668,true,0.589689,true,0.413808
1749147013.3314,11:10:13.331,false,-1,true,0.149667,true,0.717919,true,0.488786,true,0.589634,true,0.421803
1749147013.8311,11:10:13.831,false,-1,true,0.145203,true,0.716651,true,0.488043,true,0.566735,true,0.421795
1749147014.3309,11:10:14.330,false,-1,true,0.144966,true,0.709616,true,0.4867,true,0.56128,true,0.405681
1749147014.8312,11:10:14.831,false,-1,true,0.145155,true,0.706206,true,0.484341,true,0.559249,true,0.40558
1749147015.3304,11:10:15.330,false,-1,true,0.158365,true,0.706077,true,0.483278,true,0.559208,true,0.405575
1749147015.8302,11:10:15.830,false,-1,true,0.183987,true,0.70937,true,0.483079,true,0.566277,true,0.411007
1749147016.3305,11:10:16.330,false,-1,true,0.184132,true,0.711621,true,0.482797,true,0.566234,true,0.411001
1749147016.8302,11:10:16.830,false,-1,true,0.152694,true,0.713148,true,0.483339,true,0.553932,true,0.394301
1749147017.3299,11:10:17.329,false,-1,true,0.152873,true,0.714173,true,0.485209,true,0.527184,true,0.372483
1749147017.8303,11:10:17.830,false,-1,true,0.163454,true,0.714848,true,0.48659,true,0.499657,true,0.372484
1749147018.3297,11:10:18.329,false,-1,true,0.193608,true,0.715279,true,0.488051,true,0.499637,true,0.38884
1749147018.8296,11:10:18.829,false,-1,true,0.245339,true,0.715539,true,0.488396,true,0.53191,true,0.418349
1749147019.3294,11:10:19.329,false,-1,true,0.276477,true,0.715681,true,0.485827,true,0.537549,true,0.434395
1749147019.8292,11:10:19.829,false,-1,true,0.276546,true,0.715739,true,0.481438,true,0.536875,true,0.44223
1749147020.3289,11:10:20.328,false,-1,true,0.276121,true,0.715603,true,0.47837,true,0.536843,true,0.442217
1749147020.8289,11:10:20.828,false,-1,true,0.266782,true,0.705952,true,0.476307,true,0.498537,true,0.439368
1749147021.3288,11:10:21.328,false,-1,true,0.25536,true,0.697,true,0.474231,true,0.45094,true,0.40515
1749147021.8286,11:10:21.828,false,-1,true,0.238711,true,0.694636,true,0.47305,true,0.450931,true,0.399336
1749147022.3286,11:10:22.328,false,-1,true,0.228352,true,0.685861,true,0.473718,true,0.450922,true,0.398004
1749147022.8283,11:10:22.828,false,-1,true,0.228456,true,0.681073,true,0.474178,true,0.443685,true,0.385478
1749147023.3279,11:10:23.327,false,-1,true,0.19145,true,0.67254,true,0.47558,true,0.443677,true,0.385477
1749147023.8282,11:10:23.828,false,-1,true,0.183506,true,0.672437,true,0.478752,true,0.482967,true,0.400339
1749147024.3279,11:10:24.327,false,-1,true,0.183652,true,0.679006,true,0.48191,true,0.482951,true,0.400335
1749147024.8271,11:10:24.827,false,-1,true,0.201969,true,0.691623,true,0.483234,true,0.489417,true,0.384838
1749147025.3274,11:10:25.327,false,-1,true,0.202096,true,0.700245,true,0.482962,true,0.4894,true,0.378315
1749147025.8271,11:10:25.827,false,-1,true,0.147172,true,0.706155,true,0.484161,true,0.495915,true,0.377854
1749147026.3267,11:10:26.326,false,-1,true,0.147357,true,0.710208,true,0.485561,true,0.495896,true,0.361602
1749147026.8272,11:10:26.827,false,-1,true,0.172502,true,0.712983,true,0.483828,true,0.486698,true,0.361604
1749147027.3268,11:10:27.326,false,-1,true,0.208126,true,0.714874,true,0.479483,true,0.486681,true,0.371822
1749147027.8265,11:10:27.826,false,-1,true,0.247403,true,0.715749,true,0.475583,true,0.486665,true,0.384645
1749147028.3263,11:10:28.326,false,-1,true,0.268845,true,0.715614,true,0.471659,true,0.480692,true,0.384644
1749147028.8261,11:10:28.826,false,-1,true,0.268919,true,0.698733,true,0.469039,true,0.480677,true,0.382156
1749147029.3256,11:10:29.325,false,-1,true,0.265443,true,0.678936,true,0.468752,true,0.490926,true,0.382155
1749147029.8258,11:10:29.825,false,-1,true,0.256487,true,0.661144,true,0.469514,true,0.50093,true,0.390568
1749147030.3256,11:10:30.325,false,-1,true,0.228268,true,0.658415,true,0.470745,true,0.519995,true,0.410695
1749147030.8253,11:10:30.825,false,-1,true,0.219002,true,0.658275,true,0.473575,true,0.533676,true,0.410689
1749147031.3252,11:10:31.325,false,-1,true,0.218263,true,0.658181,true,0.477544,true,0.533646,true,0.406084
1749147031.8257,11:10:31.825,false,-1,true,0.218375,true,0.667546,true,0.480953,true,0.51619,true,0.400978
1749147032.3251,11:10:32.325,false,-1,true,0.218487,true,0.681487,true,0.482842,true,0.511065,true,0.400437
1749147032.8247,11:10:32.824,false,-1,true,0.213241,true,0.686262,true,0.483308,true,0.485247,true,0.397968
1749147033.3248,11:10:33.324,false,-1,true,0.208451,true,0.68615,true,0.483746,true,0.485231,true,0.391244
1749147033.8246,11:10:33.824,false,-1,true,0.208571,true,0.674534,true,0.48515,true,0.488055,true,0.390057
1749147034.3244,11:10:34.324,false,-1,true,0.210578,true,0.666133,true,0.488453,true,0.494836,true,0.378791
1749147034.8247,11:10:34.824,false,-1,true,0.213077,true,0.6545,true,0.492824,true,0.494818,true,0.366265
1749147035.3243,11:10:35.324,false,-1,true,0.227759,true,0.648469,true,0.496978,true,0.494799,true,0.366266
1749147035.8238,11:10:35.823,false,-1,true,0.231814,true,0.640497,true,0.498088,true,0.506765,true,0.36994
1749147036.324,11:10:36.324,false,-1,true,0.236476,true,0.625702,true,0.495934,true,0.52434,true,0.37658
1749147036.8232,11:10:36.823,false,-1,true,0.236572,true,0.59861,true,0.493202,true,0.541771,true,0.391295
1749147037.3229,11:10:37.322,false,-1,true,0.241664,true,0.567101,true,0.490071,true,0.546531,true,0.397769
1749147037.8233,11:10:37.823,false,-1,true,0.241756,true,0.534001,true,0.487171,true,0.559548,true,0.408853
1749147038.3226,11:10:38.322,false,-1,true,0.224202,true,0.508855,true,0.483852,true,0.562003,true,0.43941
1749147038.8227,11:10:38.822,false,-1,true,0.224308,true,0.48942,true,0.482706,true,0.576572,true,0.463536
1749147039.3231,11:10:39.323,false,-1,true,0.243339,true,0.473833,true,0.484361,true,0.592441,true,0.468584
1749147039.823,11:10:39.823,false,-1,true,0.298526,true,0.4613,true,0.487535,true,0.592398,true,0.468561
1749147040.3226,11:10:40.322,false,-1,true,0.298582,true,0.452645,true,0.490205,true,0.592342,true,0.45909
1749147040.8228,11:10:40.822,false,-1,true,0.277916,true,0.444798,true,0.490511,true,0.573406,true,0.423451
1749147041.3225,11:10:41.322,false,-1,true,0.255917,true,0.437463,true,0.488681,true,0.554987,true,0.401333
1749147041.8219,11:10:41.821,false,-1,true,0.250574,true,0.420978,true,0.486559,true,0.541357,true,0.38861
1749147042.3222,11:10:42.322,false,-1,true,0.24612,true,0.413427,true,0.484448,true,0.536601,true,0.385635
1749147042.8224,11:10:42.822,false,-1,true,0.246209,true,0.406441,true,0.483022,true,0.521534,true,0.383212
1749147043.3214,11:10:43.321,false,-1,true,0.216706,true,0.397615,true,0.485165,true,0.499991,true,0.372658
1749147043.8214,11:10:43.821,false,-1,true,0.212019,true,0.388165,true,0.490658,true,0.488752,true,0.35645
1749147044.3214,11:10:44.321,false,-1,true,0.212135,true,0.388163,true,0.494854,true,0.488735,true,0.356454
1749147044.8206,11:10:44.820,false,-1,true,0.227041,true,0.393465,true,0.49504,true,0.491255,true,0.357773
1749147045.3209,11:10:45.320,false,-1,true,0.228409,true,0.409352,true,0.490721,true,0.509385,true,0.368552
1749147045.8212,11:10:45.821,false,-1,true,0.227247,true,0.420817,true,0.485476,true,0.519416,true,0.36927
1749147046.3207,11:10:46.320,false,-1,true,0.214934,true,0.428161,true,0.483268,true,0.539788,true,0.369272
1749147046.8207,11:10:46.820,false,-1,true,0.175479,true,0.430348,true,0.484794,true,0.556473,true,0.369273
1749147047.3205,11:10:47.320,false,-1,true,0.157312,true,0.430339,true,0.488261,true,0.59559,true,0.385524
1749147047.82,11:10:47.820,false,-1,true,0.146165,true,0.433207,true,0.491778,true,0.595533,true,0.397392
1749147048.3196,11:10:48.319,false,-1,true,0.145581,true,0.433198,true,0.495034,true,0.595476,true,0.398814
1749147048.82,11:10:48.820,false,-1,true,0.145766,true,0.442873,true,0.497624,true,0.595423,true,0.415238
1749147049.3193,11:10:49.319,false,-1,true,0.14596,true,0.44698,true,0.498257,true,0.632143,true,0.450622
1749147049.8195,11:10:49.819,false,-1,true,0.150559,true,0.446969,true,0.496454,true,0.639704,true,0.47371
1749147050.3196,11:10:50.319,false,-1,true,0.152693,true,0.446957,true,0.493151,true,0.639621,true,0.473686
1749147050.8192,11:10:50.819,false,-1,true,0.152869,true,0.448413,true,0.491565,true,0.620501,true,0.45669
1749147051.319,11:10:51.319,false,-1,true,0.153045,true,0.448401,true,0.499152,true,0.62043,true,0.452218
1749147051.8195,11:10:51.819,false,-1,true,0.17089,true,0.448389,true,0.526124,true,0.654371,true,0.452202
1749147052.3189,11:10:52.318,false,-1,true,0.241636,true,0.456912,true,0.565536,true,0.674022,true,0.484699
1749147052.8189,11:10:52.818,false,-1,true,0.241728,true,0.461712,true,0.598181,true,0.673912,true,0.506158
1749147053.3189,11:10:53.318,false,-1,true,0.237374,true,0.461998,true,0.608837,true,0.657681,true,0.506116
1749147053.8185,11:10:53.818,false,-1,true,0.211955,true,0.466557,true,0.595194,true,0.640539,true,0.506075
1749147054.318,11:10:54.318,false,-1,true,0.212071,true,0.474794,true,0.573539,true,0.632293,true,0.508616
1749147054.8182,11:10:54.818,false,-1,true,0.241064,true,0.493495,true,0.55673,true,0.632215,true,0.523444
1749147055.3179,11:10:55.317,false,-1,true,0.311391,true,0.527985,true,0.544824,true,0.630227,true,0.528243
1749147055.8184,11:10:55.818,false,-1,true,0.327263,true,0.573862,true,0.539175,true,0.63015,true,0.533858
1749147056.319,11:10:56.319,false,-1,false,-1,false,-1,false,-1,false,-1,false,-1
1749147056.8192,11:10:56.819,false,-1,false,-1,false,-1,false,-1,false,-1,false,-1
1749147057.319,11:10:57.319,false,-1,false,-1,false,-1,false,-1,false,-1,false,-1
